1420446899,11d49e91db2172d3265a874d6d75963659c70257518d2db948a5a90045140e4c,Test Furniture No. 8
1420974249,11d49e91db2172d3265a874d6d75963659c70257518d2db948a5a90045140e4c,Test Furniture No. 8
1434581971,11d49e91db2172d3265a874d6d75963659c70257518d2db948a5a90045140e4c,Test Furniture No. 8
1440361744,11d49e91db2172d3265a874d6d75963659c70257518d2db948a5a90045140e4c,Test Furniture No. 8
1480872997,11d49e91db2172d3265a874d6d75963659c70257518d2db948a5a90045140e4c,Test Furniture No. 8
1496180524,11d49e91db2172d3265a874d6d75963659c70257518d2db948a5a90045140e4c,Test Furniture No. 8
1503841473,11d49e91db2172d3265a874d6d75963659c70257518d2db948a5a90045140e4c,Test Furniture No. 8
1510383433,11d49e91db2172d3265a874d6d75963659c70257518d2db948a5a90045140e4c,Test Furniture No. 8
1552579854,11d49e91db2172d3265a874d6d75963659c70257518d2db948a5a90045140e4c,Test Furniture No. 8
1580258244,11d49e91db2172d3265a874d6d75963659c70257518d2db948a5a90045140e4c,Test Furniture No. 8
1607132095,11d49e91db2172d3265a874d6d75963659c70257518d2db948a5a90045140e4c,Test Furniture No. 8
1619954023,11d49e91db2172d3265a874d6d75963659c70257518d2db948a5a90045140e4c,Test Furniture No. 8
1646224118,11d49e91db2172d3265a874d6d75963659c70257518d2db948a5a90045140e4c,Test Furniture No. 8
1676553835,11d49e91db2172d3265a874d6d75963659c70257518d2db948a5a90045140e4c,Test Furniture No. 8
1684026229,11d49e91db2172d3265a874d6d75963659c70257518d2db948a5a90045140e4c,Test Furniture No. 8
1744102044,11d49e91db2172d3265a874d6d75963659c70257518d2db948a5a90045140e4c,Test Furniture No. 8
1746028261,11d49e91db2172d3265a874d6d75963659c70257518d2db948a5a90045140e4c,Test Furniture No. 8
1784108871,11d49e91db2172d3265a874d6d75963659c70257518d2db948a5a90045140e4c,Test Furniture No. 8
1822340467,11d49e91db2172d3265a874d6d75963659c70257518d2db948a5a90045140e4c,Test Furniture No. 8
1824610496,11d49e91db2172d3265a874d6d75963659c70257518d2db948a5a90045140e4c,Test Furniture No. 8
1842615347,11d49e91db2172d3265a874d6d75963659c70257518d2db948a5a90045140e4c,Test Furniture No. 8
1883902586,11d49e91db2172d3265a874d6d75963659c70257518d2db948a5a90045140e4c,Test Furniture No. 8
1894992180,11d49e91db2172d3265a874d6d75963659c70257518d2db948a5a90045140e4c,Test Furniture No. 8
1933655277,11d49e91db2172d3265a874d6d75963659c70257518d2db948a5a90045140e4c,Test Furniture No. 8
1948347641,11d49e91db2172d3265a874d6d75963659c70257518d2db948a5a90045140e4c,Test Furniture No. 8
1959532685,11d49e91db2172d3265a874d6d75963659c70257518d2db948a5a90045140e4c,Test Furniture No. 8
1981261460,11d49e91db2172d3265a874d6d75963659c70257518d2db948a5a90045140e4c,Test Furniture No. 8
1987744407,11d49e91db2172d3265a874d6d75963659c70257518d2db948a5a90045140e4c,Test Furniture No. 8
1997600808,11d49e91db2172d3265a874d6d75963659c70257518d2db948a5a90045140e4c,Test Furniture No. 8
2040080361,11d49e91db2172d3265a874d6d75963659c70257518d2db948a5a90045140e4c,Test Furniture No. 8
2085656339,11d49e91db2172d3265a874d6d75963659c70257518d2db948a5a90045140e4c,Test Furniture No. 8
2104475721,11d49e91db2172d3265a874d6d75963659c70257518d2db948a5a90045140e4c,Test Furniture No. 8
2116934196,11d49e91db2172d3265a874d6d75963659c70257518d2db948a5a90045140e4c,Test Furniture No. 8
2120434458,11d49e91db2172d3265a874d6d75963659c70257518d2db948a5a90045140e4c,Test Furniture No. 8
2125730596,11d49e91db2172d3265a874d6d75963659c70257518d2db948a5a90045140e4c,Test Furniture No. 8
1124964610,168efae3cce87067b8df03797629d11d0f2c2fd71df0d29a9862d40dbe2f21be,"Some elite Pathfinders can initiate <style=Hint_BgL>Badge Challenges</style>. These Pathfinders possess extraordinary Aniimo battle skills, so do your best to defeat them and earn the corresponding <style=Hint_BgL>Challenge Badges</style>."
1124993550,a9f0a46631acc826fdac64a6bd50a08f74e7b4353de1e9f85f0ec81e087a5fa3,Shu! Why should I go? Why don’t you?
1125000199,d6c8102c58a28ff68dfccac5257b79b6468071bc08b9af8727fe1c9b2e697fdc,Missing infusion item. Cannot infuse energy.
1125022436,55899680805a188b298eb86f1a7a80a4c3cf9ff01bb08e2c0634e4b23b37c814,Veilfloat
1143916727,55899680805a188b298eb86f1a7a80a4c3cf9ff01bb08e2c0634e4b23b37c814,Veilfloat
1171165532,55899680805a188b298eb86f1a7a80a4c3cf9ff01bb08e2c0634e4b23b37c814,Veilfloat
1193249624,55899680805a188b298eb86f1a7a80a4c3cf9ff01bb08e2c0634e4b23b37c814,Veilfloat
1205036609,55899680805a188b298eb86f1a7a80a4c3cf9ff01bb08e2c0634e4b23b37c814,Veilfloat
1210424466,55899680805a188b298eb86f1a7a80a4c3cf9ff01bb08e2c0634e4b23b37c814,Veilfloat
1264907784,55899680805a188b298eb86f1a7a80a4c3cf9ff01bb08e2c0634e4b23b37c814,Veilfloat
1367577090,55899680805a188b298eb86f1a7a80a4c3cf9ff01bb08e2c0634e4b23b37c814,Veilfloat
1392925021,55899680805a188b298eb86f1a7a80a4c3cf9ff01bb08e2c0634e4b23b37c814,Veilfloat
1429924959,55899680805a188b298eb86f1a7a80a4c3cf9ff01bb08e2c0634e4b23b37c814,Veilfloat
1622732935,55899680805a188b298eb86f1a7a80a4c3cf9ff01bb08e2c0634e4b23b37c814,Veilfloat
1691086724,55899680805a188b298eb86f1a7a80a4c3cf9ff01bb08e2c0634e4b23b37c814,Veilfloat
1794571658,55899680805a188b298eb86f1a7a80a4c3cf9ff01bb08e2c0634e4b23b37c814,Veilfloat
1851536348,55899680805a188b298eb86f1a7a80a4c3cf9ff01bb08e2c0634e4b23b37c814,Veilfloat
1929434901,55899680805a188b298eb86f1a7a80a4c3cf9ff01bb08e2c0634e4b23b37c814,Veilfloat
1125046551,d61711eb0634d8a5502c97d4fa2dbadfe415199cbf765ebf62524b964bf4d28f,(Sometimes you gotta fight for peace...)
1262671667,d61711eb0634d8a5502c97d4fa2dbadfe415199cbf765ebf62524b964bf4d28f,(Sometimes you gotta fight for peace...)
1977596885,d61711eb0634d8a5502c97d4fa2dbadfe415199cbf765ebf62524b964bf4d28f,(Sometimes you gotta fight for peace...)
1125047551,3bdfe9332ea94dd959c58033835b2b366a31884ed4aa504d66c5e7b236874a5d,Talents Points
1282861150,3bdfe9332ea94dd959c58033835b2b366a31884ed4aa504d66c5e7b236874a5d,Talents Points
1370522652,3bdfe9332ea94dd959c58033835b2b366a31884ed4aa504d66c5e7b236874a5d,Talents Points
1125061231,e9b11860150342800c7cb089ca3e4f532ed487df206d1d032bbffb77dec6fda3,Locked. Locked slots will no longer refresh.
1125069187,2f0ebe16b7343a6488aece223e4866ddcd80373fda94727644034e567030d714,You’ve already liked this Pathfinder today. Come back tomorrow!
1125074099,9bef5268e139408dc96537d27ffadd87f4f4f9a7811dcdb906043b93386135d9,Lumin Collection: Among the Ruins
1125091495,516af7311db53311b9c0664f995e5a8b3e52cd296a3cee7f39dc4d01ff4ea4f1,"In Breezy Plains, abundant Vein energy can change the weather, drawing out Prismana Aniimo."
1125102344,a8b3263b55a6663695783132d22c141d30e0a360ec443b0589b84284f7e4db47,"Its wool is soft as the night sky, sparkling with the hues of the stars and the moon.
It’s as dazzling and beautiful as a starlit sky."
1125124544,d6356707f199f8a8eae09de118cdf2c505d800ac5c9b3ec59935db9b7b9cefec,GoGoHomes - Warm Orange Sloped Wall - Right
1266735511,d6356707f199f8a8eae09de118cdf2c505d800ac5c9b3ec59935db9b7b9cefec,GoGoHomes - Warm Orange Sloped Wall - Right
1482958526,d6356707f199f8a8eae09de118cdf2c505d800ac5c9b3ec59935db9b7b9cefec,GoGoHomes - Warm Orange Sloped Wall - Right
2013033588,d6356707f199f8a8eae09de118cdf2c505d800ac5c9b3ec59935db9b7b9cefec,GoGoHomes - Warm Orange Sloped Wall - Right
1125124761,de13353d38bbba7e9d4b740d9719a0245f9e060dc6324930900faaa19c83d25e,Big Chillmut
1439140256,de13353d38bbba7e9d4b740d9719a0245f9e060dc6324930900faaa19c83d25e,Big Chillmut
1478003547,de13353d38bbba7e9d4b740d9719a0245f9e060dc6324930900faaa19c83d25e,Big Chillmut
1582090973,de13353d38bbba7e9d4b740d9719a0245f9e060dc6324930900faaa19c83d25e,Big Chillmut
1597322209,de13353d38bbba7e9d4b740d9719a0245f9e060dc6324930900faaa19c83d25e,Big Chillmut
1633880621,de13353d38bbba7e9d4b740d9719a0245f9e060dc6324930900faaa19c83d25e,Big Chillmut
1861524236,de13353d38bbba7e9d4b740d9719a0245f9e060dc6324930900faaa19c83d25e,Big Chillmut
2134067178,de13353d38bbba7e9d4b740d9719a0245f9e060dc6324930900faaa19c83d25e,Big Chillmut
1125125224,b2f530c46991311cd367c992a825763bc55140682c347ad2e24d2fce316cd324,Valor
1268988436,b2f530c46991311cd367c992a825763bc55140682c347ad2e24d2fce316cd324,Valor
1953897977,b2f530c46991311cd367c992a825763bc55140682c347ad2e24d2fce316cd324,Valor
1125151019,d9dec80ff091349cd2af3f892367736c6e2dd4e802338a630ac4084c37289a1e,An ornament used to decorate your Home.
1177841137,d9dec80ff091349cd2af3f892367736c6e2dd4e802338a630ac4084c37289a1e,An ornament used to decorate your Home.
1262777805,d9dec80ff091349cd2af3f892367736c6e2dd4e802338a630ac4084c37289a1e,An ornament used to decorate your Home.
1287142931,d9dec80ff091349cd2af3f892367736c6e2dd4e802338a630ac4084c37289a1e,An ornament used to decorate your Home.
1469891890,d9dec80ff091349cd2af3f892367736c6e2dd4e802338a630ac4084c37289a1e,An ornament used to decorate your Home.
1490377217,d9dec80ff091349cd2af3f892367736c6e2dd4e802338a630ac4084c37289a1e,An ornament used to decorate your Home.
1570296420,d9dec80ff091349cd2af3f892367736c6e2dd4e802338a630ac4084c37289a1e,An ornament used to decorate your Home.
1758316084,d9dec80ff091349cd2af3f892367736c6e2dd4e802338a630ac4084c37289a1e,An ornament used to decorate your Home.
1838458282,d9dec80ff091349cd2af3f892367736c6e2dd4e802338a630ac4084c37289a1e,An ornament used to decorate your Home.
1907423751,d9dec80ff091349cd2af3f892367736c6e2dd4e802338a630ac4084c37289a1e,An ornament used to decorate your Home.
1976390872,d9dec80ff091349cd2af3f892367736c6e2dd4e802338a630ac4084c37289a1e,An ornament used to decorate your Home.
2081405439,d9dec80ff091349cd2af3f892367736c6e2dd4e802338a630ac4084c37289a1e,An ornament used to decorate your Home.
1125166253,dabcbf3f95b0063523652956479bc2364c790279371be7fd6d8b110033d8e9e7,...I can't just give it to you.
1125166268,614df8a59cd8d7ed0532105166a4392ccda93ff0653a9eb1179be54b1d5fbf1f,"#playerName#, Nicole—over here!"
1125167874,c36d819e7bc6d2b7da51394411c733db89c395987885ca6770167a3b9bc45c3c,Use
1156829349,c36d819e7bc6d2b7da51394411c733db89c395987885ca6770167a3b9bc45c3c,Use
1580594315,c36d819e7bc6d2b7da51394411c733db89c395987885ca6770167a3b9bc45c3c,Use
1695755124,c36d819e7bc6d2b7da51394411c733db89c395987885ca6770167a3b9bc45c3c,Use
1764907630,c36d819e7bc6d2b7da51394411c733db89c395987885ca6770167a3b9bc45c3c,Use
1833784626,c36d819e7bc6d2b7da51394411c733db89c395987885ca6770167a3b9bc45c3c,Use
1125175790,17b81917a117a61eebb9d49e84e141fc611f4e74624d2d679da499ec6fce8397,Flower Pattern - Green Rhombus Sloped Wall - Right
1377158933,17b81917a117a61eebb9d49e84e141fc611f4e74624d2d679da499ec6fce8397,Flower Pattern - Green Rhombus Sloped Wall - Right
1748520563,17b81917a117a61eebb9d49e84e141fc611f4e74624d2d679da499ec6fce8397,Flower Pattern - Green Rhombus Sloped Wall - Right
2008336958,17b81917a117a61eebb9d49e84e141fc611f4e74624d2d679da499ec6fce8397,Flower Pattern - Green Rhombus Sloped Wall - Right
1125197916,b79af8b27fbe0553211eb8a2de6c134e9296fb1fe09b982c07ea631c566dc44c,Weaken
1127327505,b79af8b27fbe0553211eb8a2de6c134e9296fb1fe09b982c07ea631c566dc44c,Weaken
1646357476,b79af8b27fbe0553211eb8a2de6c134e9296fb1fe09b982c07ea631c566dc44c,Weaken
1655915699,b79af8b27fbe0553211eb8a2de6c134e9296fb1fe09b982c07ea631c566dc44c,Weaken
1700749216,b79af8b27fbe0553211eb8a2de6c134e9296fb1fe09b982c07ea631c566dc44c,Weaken
1708228116,b79af8b27fbe0553211eb8a2de6c134e9296fb1fe09b982c07ea631c566dc44c,Weaken
1743416769,b79af8b27fbe0553211eb8a2de6c134e9296fb1fe09b982c07ea631c566dc44c,Weaken
1125271325,ffd873f0197a3536c5db821bbddf38f7307fd707adcf987248c11fa1fbbe04d1,Apply a buff to the whole team
1125279576,03589791fcd8660f181090ca189b0b39494722da9ae33624034064c948c856ca,Clear the Plot
1532058768,03589791fcd8660f181090ca189b0b39494722da9ae33624034064c948c856ca,Clear the Plot
1575792856,03589791fcd8660f181090ca189b0b39494722da9ae33624034064c948c856ca,Clear the Plot
2098197341,03589791fcd8660f181090ca189b0b39494722da9ae33624034064c948c856ca,Clear the Plot
1125295578,0f93b4459a600d4ee64186f1362c95393b9ed61ca57634df4f0a7c4693b9e391,Depends on My Mood
1125307656,95ca5c8614c835afea8b3fb25c617a013a59caf882d272e3ff04b8b7c632b985,Folding Wooden Table
1920520663,95ca5c8614c835afea8b3fb25c617a013a59caf882d272e3ff04b8b7c632b985,Folding Wooden Table
1125316354,5cd359e3b5a2229e73a8d5c698b4fcdc6afc49eb20e07bbe056d47bba2b599ef,"I really must thank you though, Pathfinder... Honestly, when Tucker didn’t recognize ""me,"" I started to wonder..."
1125333963,c454eeb019a0ce0cb9bd3d6b8fccf072216cff5f05898f98feb3a54a99fe1bd7,View Memory
1263769737,c454eeb019a0ce0cb9bd3d6b8fccf072216cff5f05898f98feb3a54a99fe1bd7,View Memory
1295908537,c454eeb019a0ce0cb9bd3d6b8fccf072216cff5f05898f98feb3a54a99fe1bd7,View Memory
1392103792,c454eeb019a0ce0cb9bd3d6b8fccf072216cff5f05898f98feb3a54a99fe1bd7,View Memory
1474721359,c454eeb019a0ce0cb9bd3d6b8fccf072216cff5f05898f98feb3a54a99fe1bd7,View Memory
1496163904,c454eeb019a0ce0cb9bd3d6b8fccf072216cff5f05898f98feb3a54a99fe1bd7,View Memory
1544051149,c454eeb019a0ce0cb9bd3d6b8fccf072216cff5f05898f98feb3a54a99fe1bd7,View Memory
1557926028,c454eeb019a0ce0cb9bd3d6b8fccf072216cff5f05898f98feb3a54a99fe1bd7,View Memory
1678227102,c454eeb019a0ce0cb9bd3d6b8fccf072216cff5f05898f98feb3a54a99fe1bd7,View Memory
1726402388,c454eeb019a0ce0cb9bd3d6b8fccf072216cff5f05898f98feb3a54a99fe1bd7,View Memory
1125375568,98b000eacb4336d118eb4f2ccb10b4e95ff74eeeeedc3889e2ea7fe3b76cdcdb,Switch to Aniimo 3
1552864267,98b000eacb4336d118eb4f2ccb10b4e95ff74eeeeedc3889e2ea7fe3b76cdcdb,Switch to Aniimo 3
1624240390,98b000eacb4336d118eb4f2ccb10b4e95ff74eeeeedc3889e2ea7fe3b76cdcdb,Switch to Aniimo 3
1125402722,df3eda42f8149699e65e681e8d4c9298175534f4c68acfe2b453c37b4962c9ab,This spot is perfect for a picture of %s!
1125404194,7c2d40b8ac0942830d6f1fca477f85f7b37c1b3166568666034270970e54957b,Twining
1147898395,7c2d40b8ac0942830d6f1fca477f85f7b37c1b3166568666034270970e54957b,Twining
1271133309,7c2d40b8ac0942830d6f1fca477f85f7b37c1b3166568666034270970e54957b,Twining
1853547685,7c2d40b8ac0942830d6f1fca477f85f7b37c1b3166568666034270970e54957b,Twining
1928628100,7c2d40b8ac0942830d6f1fca477f85f7b37c1b3166568666034270970e54957b,Twining
1945442015,7c2d40b8ac0942830d6f1fca477f85f7b37c1b3166568666034270970e54957b,Twining
1995559194,7c2d40b8ac0942830d6f1fca477f85f7b37c1b3166568666034270970e54957b,Twining
2030396859,7c2d40b8ac0942830d6f1fca477f85f7b37c1b3166568666034270970e54957b,Twining
2117882966,7c2d40b8ac0942830d6f1fca477f85f7b37c1b3166568666034270970e54957b,Twining
1125413416,ddb69a44c0e38ffa99d2773ed135d2be855246f7aa6177b564fd717f1dee474d,Wooden Washbasin - Oak
1191325465,ddb69a44c0e38ffa99d2773ed135d2be855246f7aa6177b564fd717f1dee474d,Wooden Washbasin - Oak
1830078872,ddb69a44c0e38ffa99d2773ed135d2be855246f7aa6177b564fd717f1dee474d,Wooden Washbasin - Oak
1125420124,7f4afdb04d7aaf70b5b55a58487a4412ff26197b1b8379bba9f5fce3d689bce3,Aniimo level 27
1154315825,7f4afdb04d7aaf70b5b55a58487a4412ff26197b1b8379bba9f5fce3d689bce3,Aniimo level 27
1889261344,7f4afdb04d7aaf70b5b55a58487a4412ff26197b1b8379bba9f5fce3d689bce3,Aniimo level 27
2124624113,7f4afdb04d7aaf70b5b55a58487a4412ff26197b1b8379bba9f5fce3d689bce3,Aniimo level 27
1125431019,3d642c3eee22d56c07613c9356952fa00571fa5d7ce77c39ed5694f8d1e78120,"<color=#5090df>%s</color> and <color=#5090df>%s</color> were having a strength competition, and <color=#5090df>%s</color> was slapped into the ground and totally passed out."
1125436333,309d0caa4834a609b3d8c3111a767af2fc46333fc63c7599d277499d92b8cc90,Those Claws Look Strong
1125446990,fc8fe9f0f0554ceedb8fff9ea78a46505280600b51c6524c5bfe0deed00f88e8,"A workbench that stores all kinds of small tools, letting you bring your ideas to life with your own hands."
1184693174,fc8fe9f0f0554ceedb8fff9ea78a46505280600b51c6524c5bfe0deed00f88e8,"A workbench that stores all kinds of small tools, letting you bring your ideas to life with your own hands."
1244717870,fc8fe9f0f0554ceedb8fff9ea78a46505280600b51c6524c5bfe0deed00f88e8,"A workbench that stores all kinds of small tools, letting you bring your ideas to life with your own hands."
1295339436,fc8fe9f0f0554ceedb8fff9ea78a46505280600b51c6524c5bfe0deed00f88e8,"A workbench that stores all kinds of small tools, letting you bring your ideas to life with your own hands."
1457962440,fc8fe9f0f0554ceedb8fff9ea78a46505280600b51c6524c5bfe0deed00f88e8,"A workbench that stores all kinds of small tools, letting you bring your ideas to life with your own hands."
1835889387,fc8fe9f0f0554ceedb8fff9ea78a46505280600b51c6524c5bfe0deed00f88e8,"A workbench that stores all kinds of small tools, letting you bring your ideas to life with your own hands."
1880415190,fc8fe9f0f0554ceedb8fff9ea78a46505280600b51c6524c5bfe0deed00f88e8,"A workbench that stores all kinds of small tools, letting you bring your ideas to life with your own hands."
2105197125,fc8fe9f0f0554ceedb8fff9ea78a46505280600b51c6524c5bfe0deed00f88e8,"A workbench that stores all kinds of small tools, letting you bring your ideas to life with your own hands."
2108870078,fc8fe9f0f0554ceedb8fff9ea78a46505280600b51c6524c5bfe0deed00f88e8,"A workbench that stores all kinds of small tools, letting you bring your ideas to life with your own hands."
1125451605,c28020e37bbe4da9c3b228e21f351ee3582bb3361890bf5c2ec2fc1c42316dcd,Increases Crit Rate by 10%
1765838579,c28020e37bbe4da9c3b228e21f351ee3582bb3361890bf5c2ec2fc1c42316dcd,Increases Crit Rate by 10%
1863028179,c28020e37bbe4da9c3b228e21f351ee3582bb3361890bf5c2ec2fc1c42316dcd,Increases Crit Rate by 10%
1125459316,2c98ddca53e573074734e1cfb8c6423f2ea15d023be0dc65d19ebd404d405cd4,Dragonclaw Stone (Breakable)
1125474181,72789235572a9984443dcefa1310d8b32941a71448ef1f3bc1c5a57ca735aa21,Weekly Limit:
1125475935,660e73c56915e67ae57ce33290e020e1ff5f910727b1027f2ff86464947e3522,Receive 3 random [Vitality] holo-gizmos at the cost of losing 80% current HP
1125505961,838c9f740fb2fad2bd8a36db84362fa8cea2f5e3cfbe0d06f5dc31d326d050bb,PWAH!!! Hear that?! Your pitch is NOT! HIGH! ENOUGH!!!
1125517951,a4b8f6dcc8eaf15315618b6136a29d06f71cf5b148a06a71bcf965515f165cb9,01:12:59
1180905178,a4b8f6dcc8eaf15315618b6136a29d06f71cf5b148a06a71bcf965515f165cb9,01:12:59
1387881723,a4b8f6dcc8eaf15315618b6136a29d06f71cf5b148a06a71bcf965515f165cb9,01:12:59
1531370606,a4b8f6dcc8eaf15315618b6136a29d06f71cf5b148a06a71bcf965515f165cb9,01:12:59
1537514670,a4b8f6dcc8eaf15315618b6136a29d06f71cf5b148a06a71bcf965515f165cb9,01:12:59
1604348868,a4b8f6dcc8eaf15315618b6136a29d06f71cf5b148a06a71bcf965515f165cb9,01:12:59
1818157475,a4b8f6dcc8eaf15315618b6136a29d06f71cf5b148a06a71bcf965515f165cb9,01:12:59
1944818755,a4b8f6dcc8eaf15315618b6136a29d06f71cf5b148a06a71bcf965515f165cb9,01:12:59
1125535798,53eb42a1dc3188e2da55b1c0a3b92a6f1a328d7a6caffa578415b39c0a80a5e6,"I not only saw colors, but every fragrance would transform into colors in my mind."
1125536324,9b3ef335432ab6f793939015b253bbd68dcf2e3c5d86e905fb9297994f3956c1,"Increases Damage Amp by <customRichText(calcData,buff,6000207,param0,1,%d)>%"
1125545199,9e7d7c03eafe0295e1e0ad53136bfb06da023d9120c777db7e87f7a4d22c5fdd,Keane
1150421085,9e7d7c03eafe0295e1e0ad53136bfb06da023d9120c777db7e87f7a4d22c5fdd,Keane
1191734121,9e7d7c03eafe0295e1e0ad53136bfb06da023d9120c777db7e87f7a4d22c5fdd,Keane
1193328844,9e7d7c03eafe0295e1e0ad53136bfb06da023d9120c777db7e87f7a4d22c5fdd,Keane
1362224733,9e7d7c03eafe0295e1e0ad53136bfb06da023d9120c777db7e87f7a4d22c5fdd,Keane
1554968336,9e7d7c03eafe0295e1e0ad53136bfb06da023d9120c777db7e87f7a4d22c5fdd,Keane
1769065370,9e7d7c03eafe0295e1e0ad53136bfb06da023d9120c777db7e87f7a4d22c5fdd,Keane
2039967331,9e7d7c03eafe0295e1e0ad53136bfb06da023d9120c777db7e87f7a4d22c5fdd,Keane
2067763342,9e7d7c03eafe0295e1e0ad53136bfb06da023d9120c777db7e87f7a4d22c5fdd,Keane
2130412786,9e7d7c03eafe0295e1e0ad53136bfb06da023d9120c777db7e87f7a4d22c5fdd,Keane
1125566269,6072afc3fc51649012ac7a640dfe25bbbc2a2c1d9f0639c6694ad4a8d132df42,Weekly Event Rewards
1125566472,67b879a55b9ecf63ba25fb4fe371db99f57ae1aa672773e843f6e83b7ad1ab7f,Shepherd’s Whistle
475396597,78193c528c37b646fdf26f89f8da750ed84bd8dc398703c3d4e8a491461fec4f,Minespine
1125574607,78193c528c37b646fdf26f89f8da750ed84bd8dc398703c3d4e8a491461fec4f,Minespine
1135628827,78193c528c37b646fdf26f89f8da750ed84bd8dc398703c3d4e8a491461fec4f,Minespine
1323750956,78193c528c37b646fdf26f89f8da750ed84bd8dc398703c3d4e8a491461fec4f,Minespine
1369183425,78193c528c37b646fdf26f89f8da750ed84bd8dc398703c3d4e8a491461fec4f,Minespine
1559019072,78193c528c37b646fdf26f89f8da750ed84bd8dc398703c3d4e8a491461fec4f,Minespine
1607234004,78193c528c37b646fdf26f89f8da750ed84bd8dc398703c3d4e8a491461fec4f,Minespine
1720109597,78193c528c37b646fdf26f89f8da750ed84bd8dc398703c3d4e8a491461fec4f,Minespine
1758318705,78193c528c37b646fdf26f89f8da750ed84bd8dc398703c3d4e8a491461fec4f,Minespine
1856682870,78193c528c37b646fdf26f89f8da750ed84bd8dc398703c3d4e8a491461fec4f,Minespine
1930777882,78193c528c37b646fdf26f89f8da750ed84bd8dc398703c3d4e8a491461fec4f,Minespine
2127097291,78193c528c37b646fdf26f89f8da750ed84bd8dc398703c3d4e8a491461fec4f,Minespine
2127470636,78193c528c37b646fdf26f89f8da750ed84bd8dc398703c3d4e8a491461fec4f,Minespine
1125579345,36ab39a9959b866b6540d4fdad70bf5bfb498a72027cad0e6d2c9c49fc8e8f46,The dreamy scales turn the night into its wings.
1125585939,27324bb29966fecbd3a531cb0e4daf0be1ed9334a1bcfc85e30a1681b556ec0b,You’re still so strong! Looks like my growth formula still needs work. I’m going to make them even bigger and tougher!
428211537,02f700ef4c22c270f1c93a27e8a58d8a3c8bcb05d2116494a178a54be8a0b114,Dig
438748582,02f700ef4c22c270f1c93a27e8a58d8a3c8bcb05d2116494a178a54be8a0b114,Dig
450288912,02f700ef4c22c270f1c93a27e8a58d8a3c8bcb05d2116494a178a54be8a0b114,Dig
1125593431,02f700ef4c22c270f1c93a27e8a58d8a3c8bcb05d2116494a178a54be8a0b114,Dig
1159495821,02f700ef4c22c270f1c93a27e8a58d8a3c8bcb05d2116494a178a54be8a0b114,Dig
1238406554,02f700ef4c22c270f1c93a27e8a58d8a3c8bcb05d2116494a178a54be8a0b114,Dig
1240025977,02f700ef4c22c270f1c93a27e8a58d8a3c8bcb05d2116494a178a54be8a0b114,Dig
1258744999,02f700ef4c22c270f1c93a27e8a58d8a3c8bcb05d2116494a178a54be8a0b114,Dig
1327340698,02f700ef4c22c270f1c93a27e8a58d8a3c8bcb05d2116494a178a54be8a0b114,Dig
1349813801,02f700ef4c22c270f1c93a27e8a58d8a3c8bcb05d2116494a178a54be8a0b114,Dig
1361522555,02f700ef4c22c270f1c93a27e8a58d8a3c8bcb05d2116494a178a54be8a0b114,Dig
1462409996,02f700ef4c22c270f1c93a27e8a58d8a3c8bcb05d2116494a178a54be8a0b114,Dig
1498007336,02f700ef4c22c270f1c93a27e8a58d8a3c8bcb05d2116494a178a54be8a0b114,Dig
1533578190,02f700ef4c22c270f1c93a27e8a58d8a3c8bcb05d2116494a178a54be8a0b114,Dig
1595981847,02f700ef4c22c270f1c93a27e8a58d8a3c8bcb05d2116494a178a54be8a0b114,Dig
1602203834,02f700ef4c22c270f1c93a27e8a58d8a3c8bcb05d2116494a178a54be8a0b114,Dig
1615619329,02f700ef4c22c270f1c93a27e8a58d8a3c8bcb05d2116494a178a54be8a0b114,Dig
1640994332,02f700ef4c22c270f1c93a27e8a58d8a3c8bcb05d2116494a178a54be8a0b114,Dig
1865772240,02f700ef4c22c270f1c93a27e8a58d8a3c8bcb05d2116494a178a54be8a0b114,Dig
1873459504,02f700ef4c22c270f1c93a27e8a58d8a3c8bcb05d2116494a178a54be8a0b114,Dig
1894253758,02f700ef4c22c270f1c93a27e8a58d8a3c8bcb05d2116494a178a54be8a0b114,Dig
1951329022,02f700ef4c22c270f1c93a27e8a58d8a3c8bcb05d2116494a178a54be8a0b114,Dig
1962560392,02f700ef4c22c270f1c93a27e8a58d8a3c8bcb05d2116494a178a54be8a0b114,Dig
2005718009,02f700ef4c22c270f1c93a27e8a58d8a3c8bcb05d2116494a178a54be8a0b114,Dig
2037073368,02f700ef4c22c270f1c93a27e8a58d8a3c8bcb05d2116494a178a54be8a0b114,Dig
2070218737,02f700ef4c22c270f1c93a27e8a58d8a3c8bcb05d2116494a178a54be8a0b114,Dig
2131337026,02f700ef4c22c270f1c93a27e8a58d8a3c8bcb05d2116494a178a54be8a0b114,Dig
1125600157,9a9595f088ddaa8a8057cd21fbedb142202e79ffdfe2c60a42a2d1e844a596c0,Fire-type Damage increased by 12%.
1125625288,0ccf9a7efd6e7b7ef044cf0ce783954c48daeff02c16efef47cd961472b7abf9,Tidal Heart
1166030411,0ccf9a7efd6e7b7ef044cf0ce783954c48daeff02c16efef47cd961472b7abf9,Tidal Heart
1333358189,0ccf9a7efd6e7b7ef044cf0ce783954c48daeff02c16efef47cd961472b7abf9,Tidal Heart
1347031570,0ccf9a7efd6e7b7ef044cf0ce783954c48daeff02c16efef47cd961472b7abf9,Tidal Heart
1493675251,0ccf9a7efd6e7b7ef044cf0ce783954c48daeff02c16efef47cd961472b7abf9,Tidal Heart
1683889752,0ccf9a7efd6e7b7ef044cf0ce783954c48daeff02c16efef47cd961472b7abf9,Tidal Heart
1723520143,0ccf9a7efd6e7b7ef044cf0ce783954c48daeff02c16efef47cd961472b7abf9,Tidal Heart
1768839579,0ccf9a7efd6e7b7ef044cf0ce783954c48daeff02c16efef47cd961472b7abf9,Tidal Heart
1830192120,0ccf9a7efd6e7b7ef044cf0ce783954c48daeff02c16efef47cd961472b7abf9,Tidal Heart
1950076215,0ccf9a7efd6e7b7ef044cf0ce783954c48daeff02c16efef47cd961472b7abf9,Tidal Heart
1125626080,8ff0146e3c84a1e54445533c4d42715283b9c7e87103691795d31c738d48692a,Hello? Hello? Hmm... Has something been bothering you lately?
1125628294,8574708f8dcd51ca4a9a45858412c2d8b0e3979e4e3647963f8756de6b623326,Go to [Egg Heist Talents] to unlock after the match ends
1125643229,0ee55331dba2b329f58a672b42ef56c0f2b0ccf37280d1c06f34f22e8ac1f57c,Low-Level Weaken Chip
1575766652,0ee55331dba2b329f58a672b42ef56c0f2b0ccf37280d1c06f34f22e8ac1f57c,Low-Level Weaken Chip
1980840531,0ee55331dba2b329f58a672b42ef56c0f2b0ccf37280d1c06f34f22e8ac1f57c,Low-Level Weaken Chip
1125653830,3a91d89dd4dc67c1b66ee3d50986072221147a46e4177b36b096716ab9efc234,Tysen
1130027585,3a91d89dd4dc67c1b66ee3d50986072221147a46e4177b36b096716ab9efc234,Tysen
1326895426,3a91d89dd4dc67c1b66ee3d50986072221147a46e4177b36b096716ab9efc234,Tysen
1343185255,3a91d89dd4dc67c1b66ee3d50986072221147a46e4177b36b096716ab9efc234,Tysen
1368784396,3a91d89dd4dc67c1b66ee3d50986072221147a46e4177b36b096716ab9efc234,Tysen
1381768852,3a91d89dd4dc67c1b66ee3d50986072221147a46e4177b36b096716ab9efc234,Tysen
1402536616,3a91d89dd4dc67c1b66ee3d50986072221147a46e4177b36b096716ab9efc234,Tysen
1422606321,3a91d89dd4dc67c1b66ee3d50986072221147a46e4177b36b096716ab9efc234,Tysen
1433118873,3a91d89dd4dc67c1b66ee3d50986072221147a46e4177b36b096716ab9efc234,Tysen
1435721830,3a91d89dd4dc67c1b66ee3d50986072221147a46e4177b36b096716ab9efc234,Tysen
1444850547,3a91d89dd4dc67c1b66ee3d50986072221147a46e4177b36b096716ab9efc234,Tysen
1465242587,3a91d89dd4dc67c1b66ee3d50986072221147a46e4177b36b096716ab9efc234,Tysen
1476609186,3a91d89dd4dc67c1b66ee3d50986072221147a46e4177b36b096716ab9efc234,Tysen
1490948926,3a91d89dd4dc67c1b66ee3d50986072221147a46e4177b36b096716ab9efc234,Tysen
1506332843,3a91d89dd4dc67c1b66ee3d50986072221147a46e4177b36b096716ab9efc234,Tysen
1520088266,3a91d89dd4dc67c1b66ee3d50986072221147a46e4177b36b096716ab9efc234,Tysen
1539391035,3a91d89dd4dc67c1b66ee3d50986072221147a46e4177b36b096716ab9efc234,Tysen
1585898018,3a91d89dd4dc67c1b66ee3d50986072221147a46e4177b36b096716ab9efc234,Tysen
1613876861,3a91d89dd4dc67c1b66ee3d50986072221147a46e4177b36b096716ab9efc234,Tysen
1636928306,3a91d89dd4dc67c1b66ee3d50986072221147a46e4177b36b096716ab9efc234,Tysen
1693402415,3a91d89dd4dc67c1b66ee3d50986072221147a46e4177b36b096716ab9efc234,Tysen
1693542487,3a91d89dd4dc67c1b66ee3d50986072221147a46e4177b36b096716ab9efc234,Tysen
1715049282,3a91d89dd4dc67c1b66ee3d50986072221147a46e4177b36b096716ab9efc234,Tysen
1761863138,3a91d89dd4dc67c1b66ee3d50986072221147a46e4177b36b096716ab9efc234,Tysen
1778649992,3a91d89dd4dc67c1b66ee3d50986072221147a46e4177b36b096716ab9efc234,Tysen
1810402114,3a91d89dd4dc67c1b66ee3d50986072221147a46e4177b36b096716ab9efc234,Tysen
1866382691,3a91d89dd4dc67c1b66ee3d50986072221147a46e4177b36b096716ab9efc234,Tysen
1891169691,3a91d89dd4dc67c1b66ee3d50986072221147a46e4177b36b096716ab9efc234,Tysen
1974205192,3a91d89dd4dc67c1b66ee3d50986072221147a46e4177b36b096716ab9efc234,Tysen
1987470066,3a91d89dd4dc67c1b66ee3d50986072221147a46e4177b36b096716ab9efc234,Tysen
2025033081,3a91d89dd4dc67c1b66ee3d50986072221147a46e4177b36b096716ab9efc234,Tysen
2027662784,3a91d89dd4dc67c1b66ee3d50986072221147a46e4177b36b096716ab9efc234,Tysen
2036918874,3a91d89dd4dc67c1b66ee3d50986072221147a46e4177b36b096716ab9efc234,Tysen
2120597873,3a91d89dd4dc67c1b66ee3d50986072221147a46e4177b36b096716ab9efc234,Tysen
2144650821,3a91d89dd4dc67c1b66ee3d50986072221147a46e4177b36b096716ab9efc234,Tysen
1125654644,031fe14d038f2b3bceeb2e923c9defdbf5070c251138b4e75b8f67d38c9abf7c,Crit Capital
1727247373,031fe14d038f2b3bceeb2e923c9defdbf5070c251138b4e75b8f67d38c9abf7c,Crit Capital
1125693120,7748eb7e3e74fe3b354bc25da8bce77b92b491737f9b2fcb2d92d68733fe4ad2,Walk around and conduct the final investigation!
1125700843,7fb2abd973e1c482734a117c89516d6085d86f5eee333611a1a55f0650a234d7,Stand out from the crowd.
1187079138,7fb2abd973e1c482734a117c89516d6085d86f5eee333611a1a55f0650a234d7,Stand out from the crowd.
1989842090,7fb2abd973e1c482734a117c89516d6085d86f5eee333611a1a55f0650a234d7,Stand out from the crowd.
2127809877,7fb2abd973e1c482734a117c89516d6085d86f5eee333611a1a55f0650a234d7,Stand out from the crowd.
1125709630,91ff68b8499cbd4d680a8a34c481b4257baa80dd94c5b862fec8fee6a002eec8,Invalid placement location.
1125717614,e1cf59de33d351711d7095b3b607132f2238ff7f056d4c79b35721388a2ffb13,<style=Hint_BgL>Processed goods</style> produced by the Crafting Table in your Home. They can be sold in the relevant shop or processed further.
1534349634,e1cf59de33d351711d7095b3b607132f2238ff7f056d4c79b35721388a2ffb13,<style=Hint_BgL>Processed goods</style> produced by the Crafting Table in your Home. They can be sold in the relevant shop or processed further.
1643859099,e1cf59de33d351711d7095b3b607132f2238ff7f056d4c79b35721388a2ffb13,<style=Hint_BgL>Processed goods</style> produced by the Crafting Table in your Home. They can be sold in the relevant shop or processed further.
1652596097,e1cf59de33d351711d7095b3b607132f2238ff7f056d4c79b35721388a2ffb13,<style=Hint_BgL>Processed goods</style> produced by the Crafting Table in your Home. They can be sold in the relevant shop or processed further.
1983044660,e1cf59de33d351711d7095b3b607132f2238ff7f056d4c79b35721388a2ffb13,<style=Hint_BgL>Processed goods</style> produced by the Crafting Table in your Home. They can be sold in the relevant shop or processed further.
1125741344,c171ebdeb9a04f2bdbde1bef715c2d1a7cc304b90a5a1b02045a87cdce100131,"The moment you make your move, the outcome is already decided."
1125746856,c93a7471da8ce528767047e1833ce2958a44ceeed80c0c4435c6ff45bbea06da,Training of Fire - Easy
1125757632,c4529dd584a76955ae54385599e4168925937d9de06b866bce07c7e038e67585,"You beat a drum to generate sound waves, dealing <color=#d89c28>BREAK damage</color> to all targets within range of the sound waves. The faster you beat the drum, the more damage will be dealt."
1125759996,3f7c7767922b76cb875cf7c845f4c46d765e978e883b5a4931bd8b659d06376d,Base Compatibility Score: 216
1125765350,e5016d4d682f4e198b13fcdd893a36e165602a6755ddb50904dc6db0c2025a9b,press for details
1131833391,e5016d4d682f4e198b13fcdd893a36e165602a6755ddb50904dc6db0c2025a9b,press for details
1320110643,e5016d4d682f4e198b13fcdd893a36e165602a6755ddb50904dc6db0c2025a9b,press for details
1125774281,550337ced437f18ae95be2e805211c5d9ee07732daa878e3b4f92308220e9165,There are currently no Aniimo deployed. Please switch your party before starting the challenge.
1125783352,a05010f06f559121fdce97e443453cb055073961f3c7508a3b315d306ab311ff,Cannot use this feature in the current state.
1125791492,42023c840a9ffc6ab7a4523ee5b9cead7f241a2a4b2fb75077967fdd10fff102,"Commonly used as a perfume-making plant in Bloomville. They symbolize passion and first love. It’s believed that wooing with Dream Irises guarantees unwavering love, making them the most popular flowers among youngsters."
1125795903,cf4d9e7025909e560f653902678de083b9599e626502671154b83b89897ae994,Steward Bailite
1194586207,cf4d9e7025909e560f653902678de083b9599e626502671154b83b89897ae994,Steward Bailite
1194838928,cf4d9e7025909e560f653902678de083b9599e626502671154b83b89897ae994,Steward Bailite
1201113099,cf4d9e7025909e560f653902678de083b9599e626502671154b83b89897ae994,Steward Bailite
1205370100,cf4d9e7025909e560f653902678de083b9599e626502671154b83b89897ae994,Steward Bailite
1225349282,cf4d9e7025909e560f653902678de083b9599e626502671154b83b89897ae994,Steward Bailite
1380450850,cf4d9e7025909e560f653902678de083b9599e626502671154b83b89897ae994,Steward Bailite
1389685291,cf4d9e7025909e560f653902678de083b9599e626502671154b83b89897ae994,Steward Bailite
1405201402,cf4d9e7025909e560f653902678de083b9599e626502671154b83b89897ae994,Steward Bailite
1420013193,cf4d9e7025909e560f653902678de083b9599e626502671154b83b89897ae994,Steward Bailite
1514419547,cf4d9e7025909e560f653902678de083b9599e626502671154b83b89897ae994,Steward Bailite
1672611940,cf4d9e7025909e560f653902678de083b9599e626502671154b83b89897ae994,Steward Bailite
1674112194,cf4d9e7025909e560f653902678de083b9599e626502671154b83b89897ae994,Steward Bailite
1680046307,cf4d9e7025909e560f653902678de083b9599e626502671154b83b89897ae994,Steward Bailite
1689616454,cf4d9e7025909e560f653902678de083b9599e626502671154b83b89897ae994,Steward Bailite
1711920111,cf4d9e7025909e560f653902678de083b9599e626502671154b83b89897ae994,Steward Bailite
1785525989,cf4d9e7025909e560f653902678de083b9599e626502671154b83b89897ae994,Steward Bailite
1887617149,cf4d9e7025909e560f653902678de083b9599e626502671154b83b89897ae994,Steward Bailite
1967714391,cf4d9e7025909e560f653902678de083b9599e626502671154b83b89897ae994,Steward Bailite
1978885206,cf4d9e7025909e560f653902678de083b9599e626502671154b83b89897ae994,Steward Bailite
1125809151,34631b6150326575da1405c5947480876fabf18877c61d9b018245f1fbc0d8b6,"...Anyway, in any case, I believe we absolutely should not give up on the possible Clues in that mysterious Ancestor Prism."
1125852133,1a5a2c6269fc33742f49dc65d65a4c2f0f407637ef518fc4a6581a68c9b62a78,Astra Exploration
1125858264,28e0ec97ce4d263ae55f877f20f7154095f621c151af700ff0196b5012246399,"Thanks, but I have a better way!"
1125883805,e6532fe1c56a1842120c83333f3ffab612538806585f4ecdc268400714da2b5c,Unable to start matchmaking
1125900126,863fad1ca2c9544b8c51534263af434c7303dfe1cce49ec1e0552d871b4e00af,Kekeke! Heh! Heave-ho!
1125903119,a1c0a6a1458f8cc909b54355a9bd298981f9c131b98c26d1c43ae2bc71d68e69,Astra Journey Placeholder 51
1390584872,a1c0a6a1458f8cc909b54355a9bd298981f9c131b98c26d1c43ae2bc71d68e69,Astra Journey Placeholder 51
1489915519,a1c0a6a1458f8cc909b54355a9bd298981f9c131b98c26d1c43ae2bc71d68e69,Astra Journey Placeholder 51
1595279998,a1c0a6a1458f8cc909b54355a9bd298981f9c131b98c26d1c43ae2bc71d68e69,Astra Journey Placeholder 51
1736930500,a1c0a6a1458f8cc909b54355a9bd298981f9c131b98c26d1c43ae2bc71d68e69,Astra Journey Placeholder 51
1904314598,a1c0a6a1458f8cc909b54355a9bd298981f9c131b98c26d1c43ae2bc71d68e69,Astra Journey Placeholder 51
1989138880,a1c0a6a1458f8cc909b54355a9bd298981f9c131b98c26d1c43ae2bc71d68e69,Astra Journey Placeholder 51
1125909453,e810b7589b4798988888d79cb87d009fb86ad209e8007078e3350b3b43c59a3c,"Radiance and vine shadows weave together, their shimmer flowing with every step you take."
2019903694,e810b7589b4798988888d79cb87d009fb86ad209e8007078e3350b3b43c59a3c,"Radiance and vine shadows weave together, their shimmer flowing with every step you take."
1125909798,29fb89ff914bb3d220e1f6445779d60771d06b0cfc036fcbedcf36ec77f074ad,"Whoa, there’s actually another Jawling on the island! They must’ve heard everything we said!"
1125929913,6cc8519b91584e8bd435d63341e0838a99721948718b1c9c1e9c358c64ba992a,Go
1154053473,6cc8519b91584e8bd435d63341e0838a99721948718b1c9c1e9c358c64ba992a,Go
1201926093,6cc8519b91584e8bd435d63341e0838a99721948718b1c9c1e9c358c64ba992a,Go
1224915493,6cc8519b91584e8bd435d63341e0838a99721948718b1c9c1e9c358c64ba992a,Go
1259740068,6cc8519b91584e8bd435d63341e0838a99721948718b1c9c1e9c358c64ba992a,Go
1262327386,6cc8519b91584e8bd435d63341e0838a99721948718b1c9c1e9c358c64ba992a,Go
1270251154,6cc8519b91584e8bd435d63341e0838a99721948718b1c9c1e9c358c64ba992a,Go
1300912559,6cc8519b91584e8bd435d63341e0838a99721948718b1c9c1e9c358c64ba992a,Go
1313577383,6cc8519b91584e8bd435d63341e0838a99721948718b1c9c1e9c358c64ba992a,Go
1344418518,6cc8519b91584e8bd435d63341e0838a99721948718b1c9c1e9c358c64ba992a,Go
1345474243,6cc8519b91584e8bd435d63341e0838a99721948718b1c9c1e9c358c64ba992a,Go
1358616052,6cc8519b91584e8bd435d63341e0838a99721948718b1c9c1e9c358c64ba992a,Go
1368050004,6cc8519b91584e8bd435d63341e0838a99721948718b1c9c1e9c358c64ba992a,Go
1382801520,6cc8519b91584e8bd435d63341e0838a99721948718b1c9c1e9c358c64ba992a,Go
1383443426,6cc8519b91584e8bd435d63341e0838a99721948718b1c9c1e9c358c64ba992a,Go
1409816764,6cc8519b91584e8bd435d63341e0838a99721948718b1c9c1e9c358c64ba992a,Go
1416995002,6cc8519b91584e8bd435d63341e0838a99721948718b1c9c1e9c358c64ba992a,Go
1559405473,6cc8519b91584e8bd435d63341e0838a99721948718b1c9c1e9c358c64ba992a,Go
1560826804,6cc8519b91584e8bd435d63341e0838a99721948718b1c9c1e9c358c64ba992a,Go
1590718710,6cc8519b91584e8bd435d63341e0838a99721948718b1c9c1e9c358c64ba992a,Go
1592253329,6cc8519b91584e8bd435d63341e0838a99721948718b1c9c1e9c358c64ba992a,Go
1605410940,6cc8519b91584e8bd435d63341e0838a99721948718b1c9c1e9c358c64ba992a,Go
1633586249,6cc8519b91584e8bd435d63341e0838a99721948718b1c9c1e9c358c64ba992a,Go
1642409675,6cc8519b91584e8bd435d63341e0838a99721948718b1c9c1e9c358c64ba992a,Go
1665722355,6cc8519b91584e8bd435d63341e0838a99721948718b1c9c1e9c358c64ba992a,Go
1671296368,6cc8519b91584e8bd435d63341e0838a99721948718b1c9c1e9c358c64ba992a,Go
1689543427,6cc8519b91584e8bd435d63341e0838a99721948718b1c9c1e9c358c64ba992a,Go
1732398659,6cc8519b91584e8bd435d63341e0838a99721948718b1c9c1e9c358c64ba992a,Go
1752489512,6cc8519b91584e8bd435d63341e0838a99721948718b1c9c1e9c358c64ba992a,Go
1760424219,6cc8519b91584e8bd435d63341e0838a99721948718b1c9c1e9c358c64ba992a,Go
1802561239,6cc8519b91584e8bd435d63341e0838a99721948718b1c9c1e9c358c64ba992a,Go
1807715114,6cc8519b91584e8bd435d63341e0838a99721948718b1c9c1e9c358c64ba992a,Go
1823117885,6cc8519b91584e8bd435d63341e0838a99721948718b1c9c1e9c358c64ba992a,Go
1833264512,6cc8519b91584e8bd435d63341e0838a99721948718b1c9c1e9c358c64ba992a,Go
1847712207,6cc8519b91584e8bd435d63341e0838a99721948718b1c9c1e9c358c64ba992a,Go
1859541259,6cc8519b91584e8bd435d63341e0838a99721948718b1c9c1e9c358c64ba992a,Go
1861825171,6cc8519b91584e8bd435d63341e0838a99721948718b1c9c1e9c358c64ba992a,Go
1878386751,6cc8519b91584e8bd435d63341e0838a99721948718b1c9c1e9c358c64ba992a,Go
1902233050,6cc8519b91584e8bd435d63341e0838a99721948718b1c9c1e9c358c64ba992a,Go
1912600306,6cc8519b91584e8bd435d63341e0838a99721948718b1c9c1e9c358c64ba992a,Go
2012441434,6cc8519b91584e8bd435d63341e0838a99721948718b1c9c1e9c358c64ba992a,Go
2014322126,6cc8519b91584e8bd435d63341e0838a99721948718b1c9c1e9c358c64ba992a,Go
2016391378,6cc8519b91584e8bd435d63341e0838a99721948718b1c9c1e9c358c64ba992a,Go
2027197964,6cc8519b91584e8bd435d63341e0838a99721948718b1c9c1e9c358c64ba992a,Go
2030804008,6cc8519b91584e8bd435d63341e0838a99721948718b1c9c1e9c358c64ba992a,Go
2101027221,6cc8519b91584e8bd435d63341e0838a99721948718b1c9c1e9c358c64ba992a,Go
2129781017,6cc8519b91584e8bd435d63341e0838a99721948718b1c9c1e9c358c64ba992a,Go
1125956367,94dfd46d9dae63e6c692415bbab8e266c777e87cdd77beab02583b8ed7bd874d,Poor
1125962367,de5f946a2e9800d2c8bd3635166e223a9d0faa3257404c78120b595b3f0c6867,Applies 1 stack of Fire Debuff to targets within a radius every <style=Hint_BgL>2</style>s.
1125967753,6c315576b1620574f58cb14cd253febd8053480be266898a60296658d793bbb1,Scary!
1125990456,d03ccb381e09f7fed7262348b4b17e918e8b5d1da7f38d24c21e9a29a8fbc70a,Cannot attack the challenge Aniimo
1148714444,d03ccb381e09f7fed7262348b4b17e918e8b5d1da7f38d24c21e9a29a8fbc70a,Cannot attack the challenge Aniimo
1181211458,d03ccb381e09f7fed7262348b4b17e918e8b5d1da7f38d24c21e9a29a8fbc70a,Cannot attack the challenge Aniimo
1331794293,d03ccb381e09f7fed7262348b4b17e918e8b5d1da7f38d24c21e9a29a8fbc70a,Cannot attack the challenge Aniimo
1372042047,d03ccb381e09f7fed7262348b4b17e918e8b5d1da7f38d24c21e9a29a8fbc70a,Cannot attack the challenge Aniimo
1379448731,d03ccb381e09f7fed7262348b4b17e918e8b5d1da7f38d24c21e9a29a8fbc70a,Cannot attack the challenge Aniimo
1382067160,d03ccb381e09f7fed7262348b4b17e918e8b5d1da7f38d24c21e9a29a8fbc70a,Cannot attack the challenge Aniimo
1493585455,d03ccb381e09f7fed7262348b4b17e918e8b5d1da7f38d24c21e9a29a8fbc70a,Cannot attack the challenge Aniimo
1624889227,d03ccb381e09f7fed7262348b4b17e918e8b5d1da7f38d24c21e9a29a8fbc70a,Cannot attack the challenge Aniimo
1794505502,d03ccb381e09f7fed7262348b4b17e918e8b5d1da7f38d24c21e9a29a8fbc70a,Cannot attack the challenge Aniimo
1859531450,d03ccb381e09f7fed7262348b4b17e918e8b5d1da7f38d24c21e9a29a8fbc70a,Cannot attack the challenge Aniimo
1911545967,d03ccb381e09f7fed7262348b4b17e918e8b5d1da7f38d24c21e9a29a8fbc70a,Cannot attack the challenge Aniimo
1951310999,d03ccb381e09f7fed7262348b4b17e918e8b5d1da7f38d24c21e9a29a8fbc70a,Cannot attack the challenge Aniimo
1955408011,d03ccb381e09f7fed7262348b4b17e918e8b5d1da7f38d24c21e9a29a8fbc70a,Cannot attack the challenge Aniimo
2043007413,d03ccb381e09f7fed7262348b4b17e918e8b5d1da7f38d24c21e9a29a8fbc70a,Cannot attack the challenge Aniimo
2071153254,d03ccb381e09f7fed7262348b4b17e918e8b5d1da7f38d24c21e9a29a8fbc70a,Cannot attack the challenge Aniimo
1125999781,a8508e0e20743936f2a4777e0ddebe7c5ca7de02971e118438afe6084a94f5b0,A cornflower blue building block for all kinds of structures.
1233154919,a8508e0e20743936f2a4777e0ddebe7c5ca7de02971e118438afe6084a94f5b0,A cornflower blue building block for all kinds of structures.
1126006741,2283ab0e4274e6abb0439fd1bdf245fc85c292a1315c32d29026caa15aeca3bc,Emberpup trying to sleep
1155963789,2283ab0e4274e6abb0439fd1bdf245fc85c292a1315c32d29026caa15aeca3bc,Emberpup trying to sleep
1195072174,2283ab0e4274e6abb0439fd1bdf245fc85c292a1315c32d29026caa15aeca3bc,Emberpup trying to sleep
1256584407,2283ab0e4274e6abb0439fd1bdf245fc85c292a1315c32d29026caa15aeca3bc,Emberpup trying to sleep
1424187593,2283ab0e4274e6abb0439fd1bdf245fc85c292a1315c32d29026caa15aeca3bc,Emberpup trying to sleep
1472621671,2283ab0e4274e6abb0439fd1bdf245fc85c292a1315c32d29026caa15aeca3bc,Emberpup trying to sleep
1623059096,2283ab0e4274e6abb0439fd1bdf245fc85c292a1315c32d29026caa15aeca3bc,Emberpup trying to sleep
1668893576,2283ab0e4274e6abb0439fd1bdf245fc85c292a1315c32d29026caa15aeca3bc,Emberpup trying to sleep
1959832561,2283ab0e4274e6abb0439fd1bdf245fc85c292a1315c32d29026caa15aeca3bc,Emberpup trying to sleep
1975983915,2283ab0e4274e6abb0439fd1bdf245fc85c292a1315c32d29026caa15aeca3bc,Emberpup trying to sleep
1983096186,2283ab0e4274e6abb0439fd1bdf245fc85c292a1315c32d29026caa15aeca3bc,Emberpup trying to sleep
2010376117,2283ab0e4274e6abb0439fd1bdf245fc85c292a1315c32d29026caa15aeca3bc,Emberpup trying to sleep
1126028115,6b0143d03864993fdf6922b8be1c69b93b24babb9989edd7533f9eeb680148e0,Return
1126029457,6e283ddde5997f7bf07dd2624ccc8b326dd2808716a79f855c647e40797f593d,Alpha Hummin
1223208574,6e283ddde5997f7bf07dd2624ccc8b326dd2808716a79f855c647e40797f593d,Alpha Hummin
1286748907,6e283ddde5997f7bf07dd2624ccc8b326dd2808716a79f855c647e40797f593d,Alpha Hummin
1696400724,6e283ddde5997f7bf07dd2624ccc8b326dd2808716a79f855c647e40797f593d,Alpha Hummin
1126046459,13cf456596efeb47feb6d8775b806ace75557d9a1928012ed7c2a33290809d47,Switch Channels
1815388178,13cf456596efeb47feb6d8775b806ace75557d9a1928012ed7c2a33290809d47,Switch Channels
1126056960,41c7f414227f55a627b9b1a6cd95e9e7bfa1056ef4f5a9e455ab4bab7b754a91,The totem seems to react to the Helmut.
1126098980,0693b0fcae2217cd1db88bf0011452852bad37878a8fe20c7d7375fd110d5333,Preparing Duel
1126133502,7ddc4d707da1a1b86d7d88e37f2620142f8b5bfd5a6ffa54d47e341b9649057a,Aniimo Protection Law
1188068153,7ddc4d707da1a1b86d7d88e37f2620142f8b5bfd5a6ffa54d47e341b9649057a,Aniimo Protection Law
1212320969,7ddc4d707da1a1b86d7d88e37f2620142f8b5bfd5a6ffa54d47e341b9649057a,Aniimo Protection Law
1409360656,7ddc4d707da1a1b86d7d88e37f2620142f8b5bfd5a6ffa54d47e341b9649057a,Aniimo Protection Law
1643206206,7ddc4d707da1a1b86d7d88e37f2620142f8b5bfd5a6ffa54d47e341b9649057a,Aniimo Protection Law
1694518348,7ddc4d707da1a1b86d7d88e37f2620142f8b5bfd5a6ffa54d47e341b9649057a,Aniimo Protection Law
1924470166,7ddc4d707da1a1b86d7d88e37f2620142f8b5bfd5a6ffa54d47e341b9649057a,Aniimo Protection Law
1963943638,7ddc4d707da1a1b86d7d88e37f2620142f8b5bfd5a6ffa54d47e341b9649057a,Aniimo Protection Law
1126147683,078be23ffb66fe58406c2355139b8fe8509343e65462c353a5aee6dd0e866acf,Lost in Research
1126157989,62acbf62fdc8c7dde3c08f147545a13a5bb68a677ae432aca96955ee5a77695a,"A mysterious mushroom nourished through Vein Nurturing, with a golden cap like the sun."
1771943834,62acbf62fdc8c7dde3c08f147545a13a5bb68a677ae432aca96955ee5a77695a,"A mysterious mushroom nourished through Vein Nurturing, with a golden cap like the sun."
1126165244,b519e79844e70ff17192c52c6e1edd98c64bf86d03bd239da54ddba422931a29,"[Placeholder Dialogue] My complaint with X, it suggested I Twine as Shelly"
1735018814,b519e79844e70ff17192c52c6e1edd98c64bf86d03bd239da54ddba422931a29,"[Placeholder Dialogue] My complaint with X, it suggested I Twine as Shelly"
1126165682,2bf0d061c32c791ab02b17ee54d3daf4d7c13405b03f38dd24e5bc6fbc80e2cc,Character Accessory
1280939989,2bf0d061c32c791ab02b17ee54d3daf4d7c13405b03f38dd24e5bc6fbc80e2cc,Character Accessory
1341515419,2bf0d061c32c791ab02b17ee54d3daf4d7c13405b03f38dd24e5bc6fbc80e2cc,Character Accessory
1342857352,2bf0d061c32c791ab02b17ee54d3daf4d7c13405b03f38dd24e5bc6fbc80e2cc,Character Accessory
1348573462,2bf0d061c32c791ab02b17ee54d3daf4d7c13405b03f38dd24e5bc6fbc80e2cc,Character Accessory
1430593561,2bf0d061c32c791ab02b17ee54d3daf4d7c13405b03f38dd24e5bc6fbc80e2cc,Character Accessory
1441225496,2bf0d061c32c791ab02b17ee54d3daf4d7c13405b03f38dd24e5bc6fbc80e2cc,Character Accessory
1555911232,2bf0d061c32c791ab02b17ee54d3daf4d7c13405b03f38dd24e5bc6fbc80e2cc,Character Accessory
1566133573,2bf0d061c32c791ab02b17ee54d3daf4d7c13405b03f38dd24e5bc6fbc80e2cc,Character Accessory
1783906628,2bf0d061c32c791ab02b17ee54d3daf4d7c13405b03f38dd24e5bc6fbc80e2cc,Character Accessory
1884941642,2bf0d061c32c791ab02b17ee54d3daf4d7c13405b03f38dd24e5bc6fbc80e2cc,Character Accessory
1929946917,2bf0d061c32c791ab02b17ee54d3daf4d7c13405b03f38dd24e5bc6fbc80e2cc,Character Accessory
1126180333,1f30d8f324f979fd5bdedbe0b5231ae52528adfc1b66d4d70c74f1b23f47f288,What kind of nonsense is that supposed to be?!
1126189774,b46b027dd11aaddfda0465bebac2cd6d64c7e5c543aa6a8a72145d5d7a0362b2,"Alright, Lumin will hold the line, Watercolor will provide support, and the others will jump in when the moment’s right. Show me what you’ve really got."
1126220889,411ffa0ea61725945dd4c378d9c23a944ece51841b7dc003d202310ba6ced97f,Prof. Bohr
1126231845,81f8ea82070d52eed1f69dcfc0f779e430a592534a5e65f268c8f3dd4dc6b814,Estee’s Guess
1126235366,cd19de03d0c51f96774d61e8cc7f0185283389e8afcd6442a798b911d8531286,A streetlamp for decorating your Home.
1384893383,cd19de03d0c51f96774d61e8cc7f0185283389e8afcd6442a798b911d8531286,A streetlamp for decorating your Home.
1498376447,cd19de03d0c51f96774d61e8cc7f0185283389e8afcd6442a798b911d8531286,A streetlamp for decorating your Home.
1853483428,cd19de03d0c51f96774d61e8cc7f0185283389e8afcd6442a798b911d8531286,A streetlamp for decorating your Home.
2044923938,cd19de03d0c51f96774d61e8cc7f0185283389e8afcd6442a798b911d8531286,A streetlamp for decorating your Home.
1126281601,9c2a79dfa95c724475d2dc667b8556371357226afe173d2e6040e482aef2e74b,"Blooming vines curl around you, bringing the forest’s fresh scent."
1270188346,9c2a79dfa95c724475d2dc667b8556371357226afe173d2e6040e482aef2e74b,"Blooming vines curl around you, bringing the forest’s fresh scent."
1660962782,9c2a79dfa95c724475d2dc667b8556371357226afe173d2e6040e482aef2e74b,"Blooming vines curl around you, bringing the forest’s fresh scent."
2115092983,9c2a79dfa95c724475d2dc667b8556371357226afe173d2e6040e482aef2e74b,"Blooming vines curl around you, bringing the forest’s fresh scent."
1126302114,9e00106e1ab0502ff078f66c66b35fa9cc86a41753b5e7b1aea90bc29284eb23,Mason
1221783168,9e00106e1ab0502ff078f66c66b35fa9cc86a41753b5e7b1aea90bc29284eb23,Mason
1126308211,a73d6d6b68971c9dfa83df926fd9b7f8b8dadeceff762e15eb54d39a85c8a0ee,"Come. From this moment on, our hearts beat as one!"
1126317181,cca5bb44ccc752d9e50af759a88a96d9a0ed709b88a5a597a163ce96097d3e02,Break rock with a skill
1126323322,71f6b9d66f47421c2dec7024da50b85a58113f18d0a2c0550cfc955269a7754b,"After you pass the practical assessment at Berylline Vale, Loulla gives you precious Star Dust as a personal gift. It can awaken an Aniimo’s capability and guide its growth, while the rarer Star Sand and Starcryst Essence offer even stronger effects. To learn how to use it, you will need to return to the outpost and ask Dr. Lewis."
1126335592,fd214f78b901f5ef50c49c36fc66b76440adcd8fcb92b095e198c2a4f92bac35,Rulilie!
1126386463,92332099018fe748d7ce1b7d054f8b9bd07c52b9dc60f1c7efcdc6c8a28c0ddb,"Haha, let's wait together until night to watch the Malangel dance, and you can even try to Catch one! I'll be waiting for you at that Beach up ahead."
1126401299,cf78cbe6145f6ad768f6c776c7493c84e596c1f4eec828d7d3a560d692acfa57,Nova told me you went through that door. Is that true?
1126444823,cee89d9b8eea0375efac59bbcf94d79ce1144bfaf58dc67695260a5837b9e09f,Switch Party
1394808926,cee89d9b8eea0375efac59bbcf94d79ce1144bfaf58dc67695260a5837b9e09f,Switch Party
1770430485,cee89d9b8eea0375efac59bbcf94d79ce1144bfaf58dc67695260a5837b9e09f,Switch Party
1126447303,9509372fdd6558f1206524ad5742228cd9e91ca2c274f0d7be26379d806cce57,Cozy Winter Fireplace
1925678808,9509372fdd6558f1206524ad5742228cd9e91ca2c274f0d7be26379d806cce57,Cozy Winter Fireplace
1126455768,68b8603dada6c16bb6224f393145418df1b2b1937369d5ab73437a5c00b1071a,Owl’s Poise
1409903672,68b8603dada6c16bb6224f393145418df1b2b1937369d5ab73437a5c00b1071a,Owl’s Poise
1126460567,d135650aaa3edaeac96184fa10b215f139aaf18759ff93f408f54e0c3f4e67c3,"Each Aniimo has its own innate potential. After you catch and report an Aniimo, it will be rated based on its total Innate Potential and recommended attributes. Ratings are divided into 4 tiers: <color=#69b471>Common</color>, <color=#66a0e5>Good</color>, <color=#c86df8>Elite</color>, and <color=#f6a33c>Perfect</color>. A higher potential tier means stronger starting attributes, making that Aniimo a better choice to train."
1126474502,cd2ad78ecff4220c7ae93c92111e8e4f0ef64820b2f3da29778e124add351065,Picky?
1126475251,f0054a9fef3db4cad9c214569b3f8876d7ea1cacbe9b9a10f8c45f5bbc999ca7,Fahloo and Bulbly in this area will be friendly to you.
1126516454,111a453d8e11af5c2c369010eb753addbdba91865cbedbf7d9d6434a0b763fe3,"I’m already there, waiting for you!"
1126537464,5799a9407e7c4d2d22345aa3aaa6cc8cd96fb40f9c66ea08b98021069e39132f,Microcrystalline Ore Plate
1126542104,dc0634bf04c4a2749d6d10b9a0ee41f419cb9fc1d89995d8dc76ff1b9817f8b3,"You humans have a nickname for Wally, right?
Scatterbrain, right? Because he’s always forgetting things... right?"
1126565893,8c01c3f66274c069daf1719aac0f4e41a09542f14e470b452267bf7c94f041e9,"<u icon=""Symbol2"">Perfumer Elvira</u> always sits at Bloomville’s entrance.
Word is she’s searching for the treasure of Echoback Landing, the Whalesong Blossom.
They say that this flower only blooms once it senses longing..."
1126599506,9f10fe0924e46256975ec89291cfc030434b547197aa58d3e8ad9b44ee529251,Get More
1199787688,9f10fe0924e46256975ec89291cfc030434b547197aa58d3e8ad9b44ee529251,Get More
1579702290,9f10fe0924e46256975ec89291cfc030434b547197aa58d3e8ad9b44ee529251,Get More
1860388390,9f10fe0924e46256975ec89291cfc030434b547197aa58d3e8ad9b44ee529251,Get More
1126604612,774297ef7d0b0536089248183da197ce72d23f00a8bce351afbef965f17cfd51,"Fine, fine. You always have a way of making any point sound reasonable."
1126669198,77fe5e122c0bdb0bca3943981515479b7e138e56e36dbaf9aca0e7e099bf3104,"The instructor put you at the end of the line!
<style=Hint_BgD>Follow the beat and jump at the right moment.</style>
Synergy Training starts... NOW!"
1126674423,a37aa81dec34ccd2ea0f388f36920b5c4dafbee26a9862c406e7d4eade761710,Black Screen Text
1126679509,7417395b4f35cb682b214327ea568cd6a4e38018278e9d8e83189d1ddd29c84b,"A relic of an ancient civilization. Restores a small amount of energy to the BINI Unit, but also reduces its durability."
2057188645,7417395b4f35cb682b214327ea568cd6a4e38018278e9d8e83189d1ddd29c84b,"A relic of an ancient civilization. Restores a small amount of energy to the BINI Unit, but also reduces its durability."
1126701707,a800435ada6a6a0c85c2ec1327fa0b28ab6db995e685d6ae3bcc11b8d8f685d6,"Golden boughs hum with melody, sparkling flower-shadows dance."
1126761300,8fa94cf3066a136edc8fe95abe1cdfe23ac7856dee623553fdc22c848653fe3e,"Also, this fragment stores my memories, so it’s really important!"
1126765569,5df60a87296ae769029c01d0abd2d1996272c0f4b381f6210cf99d243c63352a,Glowing Feather
1126767463,724d636d46af92d73042912db1807c1164fc9e5c7411067bb6235f3445f95d4a,Spirit Popota
1126782567,adb0541511aa2832733f372ce4d7fe82746faf248d2dfb041f81e660f6f65e8a,"The resonance of the heart, guiding you to where you truly belong."
1784170507,adb0541511aa2832733f372ce4d7fe82746faf248d2dfb041f81e660f6f65e8a,"The resonance of the heart, guiding you to where you truly belong."
1126782915,84573c57ccfd9f917927ae26bdab90099806d545cec30f8300252625cbe9883e,Grass
1173721242,84573c57ccfd9f917927ae26bdab90099806d545cec30f8300252625cbe9883e,Grass
2010222674,84573c57ccfd9f917927ae26bdab90099806d545cec30f8300252625cbe9883e,Grass
2012653348,84573c57ccfd9f917927ae26bdab90099806d545cec30f8300252625cbe9883e,Grass
1126797642,3a37212ab25e2eb95b26e5a39fb2dd4f27c7744bc7a04febac4ab31befa191a6,Essence Leech
1425747269,3a37212ab25e2eb95b26e5a39fb2dd4f27c7744bc7a04febac4ab31befa191a6,Essence Leech
1126803536,c23e229d3d614f2e69aeaa99740b55c7de3459d7a1eae5ebfe14225351fefe6a,Pet me...
1126808189,a383e3d178e101dd85ea061ea4de40556465b58f6752de869d17e6f357d855dc,Where can I find something delicious?
1197993263,a383e3d178e101dd85ea061ea4de40556465b58f6752de869d17e6f357d855dc,Where can I find something delicious?
1126821302,bfc32143885258b2d942ba7e15b34b0e9ae77aeda92f210250af6ae84e214f7f,Yes. You placed your dream in... your <style=Hint_BgD>friend</style>.
1126821503,072a75e600007ccad230418ee5d049a9ff3cc0f9b6ac083495c2913efd1a2fa3,Pacifist
1446486969,072a75e600007ccad230418ee5d049a9ff3cc0f9b6ac083495c2913efd1a2fa3,Pacifist
1664274374,072a75e600007ccad230418ee5d049a9ff3cc0f9b6ac083495c2913efd1a2fa3,Pacifist
1126875809,f9b2486a2db6ec59c7ca65b2bc5349dc8dd4f2cf37fdb5d19507d2323ebe8760,I will become stronger too
1126879480,3821f07b34a8fdd8b8140170b97a3f0dee5b3f48db4f2633d6002cc980970999,Timid Helmut
1201483799,3821f07b34a8fdd8b8140170b97a3f0dee5b3f48db4f2633d6002cc980970999,Timid Helmut
1233151973,3821f07b34a8fdd8b8140170b97a3f0dee5b3f48db4f2633d6002cc980970999,Timid Helmut
1291040502,3821f07b34a8fdd8b8140170b97a3f0dee5b3f48db4f2633d6002cc980970999,Timid Helmut
1332974063,3821f07b34a8fdd8b8140170b97a3f0dee5b3f48db4f2633d6002cc980970999,Timid Helmut
1688063926,3821f07b34a8fdd8b8140170b97a3f0dee5b3f48db4f2633d6002cc980970999,Timid Helmut
1819029195,3821f07b34a8fdd8b8140170b97a3f0dee5b3f48db4f2633d6002cc980970999,Timid Helmut
1868856941,3821f07b34a8fdd8b8140170b97a3f0dee5b3f48db4f2633d6002cc980970999,Timid Helmut
1993824629,3821f07b34a8fdd8b8140170b97a3f0dee5b3f48db4f2633d6002cc980970999,Timid Helmut
2017991044,3821f07b34a8fdd8b8140170b97a3f0dee5b3f48db4f2633d6002cc980970999,Timid Helmut
2023196213,3821f07b34a8fdd8b8140170b97a3f0dee5b3f48db4f2633d6002cc980970999,Timid Helmut
1126893303,30852717257669c4f9b3c82574684a9e3f8a7d15e4f3c4128ba6a3f1e3ade4e9,Shop Purchase
1143955882,30852717257669c4f9b3c82574684a9e3f8a7d15e4f3c4128ba6a3f1e3ade4e9,Shop Purchase
1249207665,30852717257669c4f9b3c82574684a9e3f8a7d15e4f3c4128ba6a3f1e3ade4e9,Shop Purchase
1266894121,30852717257669c4f9b3c82574684a9e3f8a7d15e4f3c4128ba6a3f1e3ade4e9,Shop Purchase
1442410973,30852717257669c4f9b3c82574684a9e3f8a7d15e4f3c4128ba6a3f1e3ade4e9,Shop Purchase
1568769218,30852717257669c4f9b3c82574684a9e3f8a7d15e4f3c4128ba6a3f1e3ade4e9,Shop Purchase
1126898285,6f307c64bdfbf2c98b1a6b61f3a4e1dc41c0ba10743856789de0fd28dae3dfff,"Hmm, no wonder Lewis said he’s unreliable.
Maybe you should observe too, and <style=Hint_BgD>see what he’s looking at</style>."
1126902542,fa1d2db62d4d952e2031452e1bc1ddcad0b192c2e29a706f11ce426ae5acddea,Null
1301509947,fa1d2db62d4d952e2031452e1bc1ddcad0b192c2e29a706f11ce426ae5acddea,Null
1316725399,fa1d2db62d4d952e2031452e1bc1ddcad0b192c2e29a706f11ce426ae5acddea,Null
1463973389,fa1d2db62d4d952e2031452e1bc1ddcad0b192c2e29a706f11ce426ae5acddea,Null
1922495265,fa1d2db62d4d952e2031452e1bc1ddcad0b192c2e29a706f11ce426ae5acddea,Null
1923625135,fa1d2db62d4d952e2031452e1bc1ddcad0b192c2e29a706f11ce426ae5acddea,Null
1985538410,fa1d2db62d4d952e2031452e1bc1ddcad0b192c2e29a706f11ce426ae5acddea,Null
1126957928,78059f0361eda3913bf7d1d63fee03f408521a90449393a1ddb0fc066006a479,Lumin Collection: Collapsed Corridor
1126993793,b0f5c90f95a2bb5a8df70be1cf4a2e6a2d3226c7e488c41ce899da6feff884cc,Common Elemental Damage (Deprecated)
1262236680,b0f5c90f95a2bb5a8df70be1cf4a2e6a2d3226c7e488c41ce899da6feff884cc,Common Elemental Damage (Deprecated)
1126999515,7bf6ffb240451d4cf275ff5eb8871f61684b8ce7cd173b34d86101d441573973,"Harnessing dual frost and ice, you deliver a rapid, sweeping strike that deals area damage to a fan-shaped zone ahead. It reduces the target’s Ice Resistance by {0}% for {1}s."
1127006673,0185327f289634b828bb07ea12359c603e26370fb7c34e97050c61b46592cc43,Description Placeholder
1233068020,0185327f289634b828bb07ea12359c603e26370fb7c34e97050c61b46592cc43,Description Placeholder
1247721655,0185327f289634b828bb07ea12359c603e26370fb7c34e97050c61b46592cc43,Description Placeholder
1262579457,0185327f289634b828bb07ea12359c603e26370fb7c34e97050c61b46592cc43,Description Placeholder
1333121426,0185327f289634b828bb07ea12359c603e26370fb7c34e97050c61b46592cc43,Description Placeholder
1414300429,0185327f289634b828bb07ea12359c603e26370fb7c34e97050c61b46592cc43,Description Placeholder
1478653875,0185327f289634b828bb07ea12359c603e26370fb7c34e97050c61b46592cc43,Description Placeholder
1482891662,0185327f289634b828bb07ea12359c603e26370fb7c34e97050c61b46592cc43,Description Placeholder
1577151710,0185327f289634b828bb07ea12359c603e26370fb7c34e97050c61b46592cc43,Description Placeholder
1678062025,0185327f289634b828bb07ea12359c603e26370fb7c34e97050c61b46592cc43,Description Placeholder
1725948331,0185327f289634b828bb07ea12359c603e26370fb7c34e97050c61b46592cc43,Description Placeholder
1770240520,0185327f289634b828bb07ea12359c603e26370fb7c34e97050c61b46592cc43,Description Placeholder
1874713793,0185327f289634b828bb07ea12359c603e26370fb7c34e97050c61b46592cc43,Description Placeholder
1876713568,0185327f289634b828bb07ea12359c603e26370fb7c34e97050c61b46592cc43,Description Placeholder
1996347247,0185327f289634b828bb07ea12359c603e26370fb7c34e97050c61b46592cc43,Description Placeholder
1127009642,80804a7729037e43a74f0879060ae34d9eff62da17b56e6ef26ed17e4f975beb,Ciel
1137351904,80804a7729037e43a74f0879060ae34d9eff62da17b56e6ef26ed17e4f975beb,Ciel
1473464199,80804a7729037e43a74f0879060ae34d9eff62da17b56e6ef26ed17e4f975beb,Ciel
1696556578,80804a7729037e43a74f0879060ae34d9eff62da17b56e6ef26ed17e4f975beb,Ciel
1777950648,80804a7729037e43a74f0879060ae34d9eff62da17b56e6ef26ed17e4f975beb,Ciel
2039733571,80804a7729037e43a74f0879060ae34d9eff62da17b56e6ef26ed17e4f975beb,Ciel
2120764384,80804a7729037e43a74f0879060ae34d9eff62da17b56e6ef26ed17e4f975beb,Ciel
1127021357,7aeacf517d2e193abbba823172e9d60eb619e6c963d5b9e495371c560e3fe0ac,Master of Collections
1314858747,7aeacf517d2e193abbba823172e9d60eb619e6c963d5b9e495371c560e3fe0ac,Master of Collections
1329472626,7aeacf517d2e193abbba823172e9d60eb619e6c963d5b9e495371c560e3fe0ac,Master of Collections
1464576966,7aeacf517d2e193abbba823172e9d60eb619e6c963d5b9e495371c560e3fe0ac,Master of Collections
1473422646,7aeacf517d2e193abbba823172e9d60eb619e6c963d5b9e495371c560e3fe0ac,Master of Collections
1842378083,7aeacf517d2e193abbba823172e9d60eb619e6c963d5b9e495371c560e3fe0ac,Master of Collections
1848196222,7aeacf517d2e193abbba823172e9d60eb619e6c963d5b9e495371c560e3fe0ac,Master of Collections
1875672128,7aeacf517d2e193abbba823172e9d60eb619e6c963d5b9e495371c560e3fe0ac,Master of Collections
1891014572,7aeacf517d2e193abbba823172e9d60eb619e6c963d5b9e495371c560e3fe0ac,Master of Collections
2096870601,7aeacf517d2e193abbba823172e9d60eb619e6c963d5b9e495371c560e3fe0ac,Master of Collections
1127081358,3f047eeeff4f11940d0a306d38bb6c5fc3a7b92888ec1cbe1fd141c0bd95aa84,Odd Hexxin
1256109059,3f047eeeff4f11940d0a306d38bb6c5fc3a7b92888ec1cbe1fd141c0bd95aa84,Odd Hexxin
1313972918,3f047eeeff4f11940d0a306d38bb6c5fc3a7b92888ec1cbe1fd141c0bd95aa84,Odd Hexxin
1396499372,3f047eeeff4f11940d0a306d38bb6c5fc3a7b92888ec1cbe1fd141c0bd95aa84,Odd Hexxin
1549062872,3f047eeeff4f11940d0a306d38bb6c5fc3a7b92888ec1cbe1fd141c0bd95aa84,Odd Hexxin
1566337119,3f047eeeff4f11940d0a306d38bb6c5fc3a7b92888ec1cbe1fd141c0bd95aa84,Odd Hexxin
1610383029,3f047eeeff4f11940d0a306d38bb6c5fc3a7b92888ec1cbe1fd141c0bd95aa84,Odd Hexxin
1620746898,3f047eeeff4f11940d0a306d38bb6c5fc3a7b92888ec1cbe1fd141c0bd95aa84,Odd Hexxin
1833598881,3f047eeeff4f11940d0a306d38bb6c5fc3a7b92888ec1cbe1fd141c0bd95aa84,Odd Hexxin
1855522976,3f047eeeff4f11940d0a306d38bb6c5fc3a7b92888ec1cbe1fd141c0bd95aa84,Odd Hexxin
1953950107,3f047eeeff4f11940d0a306d38bb6c5fc3a7b92888ec1cbe1fd141c0bd95aa84,Odd Hexxin
1956292610,3f047eeeff4f11940d0a306d38bb6c5fc3a7b92888ec1cbe1fd141c0bd95aa84,Odd Hexxin
1992827200,3f047eeeff4f11940d0a306d38bb6c5fc3a7b92888ec1cbe1fd141c0bd95aa84,Odd Hexxin
2090168763,3f047eeeff4f11940d0a306d38bb6c5fc3a7b92888ec1cbe1fd141c0bd95aa84,Odd Hexxin
2122047749,3f047eeeff4f11940d0a306d38bb6c5fc3a7b92888ec1cbe1fd141c0bd95aa84,Odd Hexxin
1127083310,24649ee0c7a92fd868db079f46ef6b58509081e8b0e8b9ed929606f33c62831d,Zoom Out
1197869220,24649ee0c7a92fd868db079f46ef6b58509081e8b0e8b9ed929606f33c62831d,Zoom Out
1249863834,24649ee0c7a92fd868db079f46ef6b58509081e8b0e8b9ed929606f33c62831d,Zoom Out
1300978346,24649ee0c7a92fd868db079f46ef6b58509081e8b0e8b9ed929606f33c62831d,Zoom Out
1651321866,24649ee0c7a92fd868db079f46ef6b58509081e8b0e8b9ed929606f33c62831d,Zoom Out
1657239002,24649ee0c7a92fd868db079f46ef6b58509081e8b0e8b9ed929606f33c62831d,Zoom Out
1773614690,24649ee0c7a92fd868db079f46ef6b58509081e8b0e8b9ed929606f33c62831d,Zoom Out
2110727656,24649ee0c7a92fd868db079f46ef6b58509081e8b0e8b9ed929606f33c62831d,Zoom Out
1127085877,17205a6b0d3a06bc9b9256c8d27f083ebccc4e70fd4939d795afccfb82239b7e,"Start a <link=""appearHelp_811""><color=#5090df><u>Companion Mode</u></color></link> with a friend and adventure together! Interactions increase your <link=""appearHelp_808""><color=#5090df><u>Affinity</u></color></link>."
1160743847,17205a6b0d3a06bc9b9256c8d27f083ebccc4e70fd4939d795afccfb82239b7e,"Start a <link=""appearHelp_811""><color=#5090df><u>Companion Mode</u></color></link> with a friend and adventure together! Interactions increase your <link=""appearHelp_808""><color=#5090df><u>Affinity</u></color></link>."
1225456836,17205a6b0d3a06bc9b9256c8d27f083ebccc4e70fd4939d795afccfb82239b7e,"Start a <link=""appearHelp_811""><color=#5090df><u>Companion Mode</u></color></link> with a friend and adventure together! Interactions increase your <link=""appearHelp_808""><color=#5090df><u>Affinity</u></color></link>."
1354548422,17205a6b0d3a06bc9b9256c8d27f083ebccc4e70fd4939d795afccfb82239b7e,"Start a <link=""appearHelp_811""><color=#5090df><u>Companion Mode</u></color></link> with a friend and adventure together! Interactions increase your <link=""appearHelp_808""><color=#5090df><u>Affinity</u></color></link>."
1591539565,17205a6b0d3a06bc9b9256c8d27f083ebccc4e70fd4939d795afccfb82239b7e,"Start a <link=""appearHelp_811""><color=#5090df><u>Companion Mode</u></color></link> with a friend and adventure together! Interactions increase your <link=""appearHelp_808""><color=#5090df><u>Affinity</u></color></link>."
1816687931,17205a6b0d3a06bc9b9256c8d27f083ebccc4e70fd4939d795afccfb82239b7e,"Start a <link=""appearHelp_811""><color=#5090df><u>Companion Mode</u></color></link> with a friend and adventure together! Interactions increase your <link=""appearHelp_808""><color=#5090df><u>Affinity</u></color></link>."
1992623860,17205a6b0d3a06bc9b9256c8d27f083ebccc4e70fd4939d795afccfb82239b7e,"Start a <link=""appearHelp_811""><color=#5090df><u>Companion Mode</u></color></link> with a friend and adventure together! Interactions increase your <link=""appearHelp_808""><color=#5090df><u>Affinity</u></color></link>."
1127086403,5a0b0eeff361eb61cc6fe83c2f01e34cda46be6af545993f18a85545fac4f579,Photographers are like the eyes of history.
1127095383,bbeaa85d5f111a937b0a69e9630e87f485b925bfd4568d4028900837ef3648df,Forest Glade Screen - Oak
1436293309,bbeaa85d5f111a937b0a69e9630e87f485b925bfd4568d4028900837ef3648df,Forest Glade Screen - Oak
1127096477,1c5b2f588a8bf4aa1a82fbf882fbda4d2670d82ef78071fc835c3efad1ef607c,Core Bonus
1156016173,1c5b2f588a8bf4aa1a82fbf882fbda4d2670d82ef78071fc835c3efad1ef607c,Core Bonus
1183573190,1c5b2f588a8bf4aa1a82fbf882fbda4d2670d82ef78071fc835c3efad1ef607c,Core Bonus
1266518048,1c5b2f588a8bf4aa1a82fbf882fbda4d2670d82ef78071fc835c3efad1ef607c,Core Bonus
1373791329,1c5b2f588a8bf4aa1a82fbf882fbda4d2670d82ef78071fc835c3efad1ef607c,Core Bonus
1519666879,1c5b2f588a8bf4aa1a82fbf882fbda4d2670d82ef78071fc835c3efad1ef607c,Core Bonus
1560760454,1c5b2f588a8bf4aa1a82fbf882fbda4d2670d82ef78071fc835c3efad1ef607c,Core Bonus
1603758387,1c5b2f588a8bf4aa1a82fbf882fbda4d2670d82ef78071fc835c3efad1ef607c,Core Bonus
1616228617,1c5b2f588a8bf4aa1a82fbf882fbda4d2670d82ef78071fc835c3efad1ef607c,Core Bonus
1658315595,1c5b2f588a8bf4aa1a82fbf882fbda4d2670d82ef78071fc835c3efad1ef607c,Core Bonus
1659023497,1c5b2f588a8bf4aa1a82fbf882fbda4d2670d82ef78071fc835c3efad1ef607c,Core Bonus
1689565225,1c5b2f588a8bf4aa1a82fbf882fbda4d2670d82ef78071fc835c3efad1ef607c,Core Bonus
1757220927,1c5b2f588a8bf4aa1a82fbf882fbda4d2670d82ef78071fc835c3efad1ef607c,Core Bonus
1869458405,1c5b2f588a8bf4aa1a82fbf882fbda4d2670d82ef78071fc835c3efad1ef607c,Core Bonus
2044047112,1c5b2f588a8bf4aa1a82fbf882fbda4d2670d82ef78071fc835c3efad1ef607c,Core Bonus
2131447339,1c5b2f588a8bf4aa1a82fbf882fbda4d2670d82ef78071fc835c3efad1ef607c,Core Bonus
1127098503,b977b950c1ae31e5aeb9ef778cc20a66fc034eb81e738e0206104b677962c465,Cloud
1201649684,b977b950c1ae31e5aeb9ef778cc20a66fc034eb81e738e0206104b677962c465,Cloud
1218592285,b977b950c1ae31e5aeb9ef778cc20a66fc034eb81e738e0206104b677962c465,Cloud
1277894369,b977b950c1ae31e5aeb9ef778cc20a66fc034eb81e738e0206104b677962c465,Cloud
1427596605,b977b950c1ae31e5aeb9ef778cc20a66fc034eb81e738e0206104b677962c465,Cloud
1531709420,b977b950c1ae31e5aeb9ef778cc20a66fc034eb81e738e0206104b677962c465,Cloud
1581682842,b977b950c1ae31e5aeb9ef778cc20a66fc034eb81e738e0206104b677962c465,Cloud
1688806394,b977b950c1ae31e5aeb9ef778cc20a66fc034eb81e738e0206104b677962c465,Cloud
1784659041,b977b950c1ae31e5aeb9ef778cc20a66fc034eb81e738e0206104b677962c465,Cloud
1792965295,b977b950c1ae31e5aeb9ef778cc20a66fc034eb81e738e0206104b677962c465,Cloud
1843664203,b977b950c1ae31e5aeb9ef778cc20a66fc034eb81e738e0206104b677962c465,Cloud
1127099788,0c560118d2371136c706cb65e867138bb0d9dcf6276c8aafb9b51a2ec4a21160,Use to unlock the <style=Hint_BgL>Cool Summer - Pool</style>.
1127136281,e2d0a54968ead24efc0dffa6ac78fc606dceec34a0f586177a74a54cc2272cf8,Delete
1243083085,e2d0a54968ead24efc0dffa6ac78fc606dceec34a0f586177a74a54cc2272cf8,Delete
1295526641,e2d0a54968ead24efc0dffa6ac78fc606dceec34a0f586177a74a54cc2272cf8,Delete
1319292350,e2d0a54968ead24efc0dffa6ac78fc606dceec34a0f586177a74a54cc2272cf8,Delete
1353514690,e2d0a54968ead24efc0dffa6ac78fc606dceec34a0f586177a74a54cc2272cf8,Delete
1413218990,e2d0a54968ead24efc0dffa6ac78fc606dceec34a0f586177a74a54cc2272cf8,Delete
1458870763,e2d0a54968ead24efc0dffa6ac78fc606dceec34a0f586177a74a54cc2272cf8,Delete
1563414221,e2d0a54968ead24efc0dffa6ac78fc606dceec34a0f586177a74a54cc2272cf8,Delete
1600608097,e2d0a54968ead24efc0dffa6ac78fc606dceec34a0f586177a74a54cc2272cf8,Delete
1705230038,e2d0a54968ead24efc0dffa6ac78fc606dceec34a0f586177a74a54cc2272cf8,Delete
1773046099,e2d0a54968ead24efc0dffa6ac78fc606dceec34a0f586177a74a54cc2272cf8,Delete
1793755612,e2d0a54968ead24efc0dffa6ac78fc606dceec34a0f586177a74a54cc2272cf8,Delete
1839747270,e2d0a54968ead24efc0dffa6ac78fc606dceec34a0f586177a74a54cc2272cf8,Delete
1976686353,e2d0a54968ead24efc0dffa6ac78fc606dceec34a0f586177a74a54cc2272cf8,Delete
1127160005,599c59e7496bc3cf3daa0ef0ea8c3688c41b78e15993069206c773e76668fa2b,"Ah, sorry—my bad. I didn’t explain that clearly."
1127163789,6eeeb173c37407cc1a8294333b18e57cc7904e22183aa6d167e08503d3e6a2b1,"Lovely music makes Aniimo dance and drives the turntable to grind spices, so that fragrances waft along with the melody."
1218491423,6eeeb173c37407cc1a8294333b18e57cc7904e22183aa6d167e08503d3e6a2b1,"Lovely music makes Aniimo dance and drives the turntable to grind spices, so that fragrances waft along with the melody."
1273761200,6eeeb173c37407cc1a8294333b18e57cc7904e22183aa6d167e08503d3e6a2b1,"Lovely music makes Aniimo dance and drives the turntable to grind spices, so that fragrances waft along with the melody."
1592159765,6eeeb173c37407cc1a8294333b18e57cc7904e22183aa6d167e08503d3e6a2b1,"Lovely music makes Aniimo dance and drives the turntable to grind spices, so that fragrances waft along with the melody."
1844731796,6eeeb173c37407cc1a8294333b18e57cc7904e22183aa6d167e08503d3e6a2b1,"Lovely music makes Aniimo dance and drives the turntable to grind spices, so that fragrances waft along with the melody."
1909914506,6eeeb173c37407cc1a8294333b18e57cc7904e22183aa6d167e08503d3e6a2b1,"Lovely music makes Aniimo dance and drives the turntable to grind spices, so that fragrances waft along with the melody."
2092630413,6eeeb173c37407cc1a8294333b18e57cc7904e22183aa6d167e08503d3e6a2b1,"Lovely music makes Aniimo dance and drives the turntable to grind spices, so that fragrances waft along with the melody."
1127172320,0bd0c4a73c9d30d60203bd8b1d44b52ac259fd5f10f0b9f142eaff883a15040f,So? Care to take the challenge?
1127186430,2a5dc7a6630cdd44b7b513384241fc4a56bc3fcd5788bdefba3c41a79d208668,I’m going all-in with the best ingredients to win over every foodie in Astra!
1127187828,79501f1a50608d34bf266034e51c11ca4e7fa143f3a4848b313cf6a291e74651,Super Rare Blind Box
1127197278,efa1242819b72b0f595bfdeb580eaa391c8fb76737b6f44bffe567dca4f81434,This only applies to the map panel—environmental fog within the scene itself still remains.
1127209829,b0ca4f4c4a9c2a74402df6953389b0dc1cc43b7178d7b0a38b1a8d06aa6bd0d1,Puzzle Frame II
1463677815,b0ca4f4c4a9c2a74402df6953389b0dc1cc43b7178d7b0a38b1a8d06aa6bd0d1,Puzzle Frame II
1127237107,91c3bed9ef2c7c634896240be93dd5228ed25eacbc8c5f956ee173dbf4500dbe,Claw Game Cooker
1178949161,91c3bed9ef2c7c634896240be93dd5228ed25eacbc8c5f956ee173dbf4500dbe,Claw Game Cooker
1235940695,91c3bed9ef2c7c634896240be93dd5228ed25eacbc8c5f956ee173dbf4500dbe,Claw Game Cooker
1356441531,91c3bed9ef2c7c634896240be93dd5228ed25eacbc8c5f956ee173dbf4500dbe,Claw Game Cooker
1370940581,91c3bed9ef2c7c634896240be93dd5228ed25eacbc8c5f956ee173dbf4500dbe,Claw Game Cooker
1708307938,91c3bed9ef2c7c634896240be93dd5228ed25eacbc8c5f956ee173dbf4500dbe,Claw Game Cooker
1751652480,91c3bed9ef2c7c634896240be93dd5228ed25eacbc8c5f956ee173dbf4500dbe,Claw Game Cooker
1796047720,91c3bed9ef2c7c634896240be93dd5228ed25eacbc8c5f956ee173dbf4500dbe,Claw Game Cooker
1845651140,91c3bed9ef2c7c634896240be93dd5228ed25eacbc8c5f956ee173dbf4500dbe,Claw Game Cooker
2109273725,91c3bed9ef2c7c634896240be93dd5228ed25eacbc8c5f956ee173dbf4500dbe,Claw Game Cooker
1127261776,48e5ef4c69f61a5f6aa170751833ca297583c3208ca140779f5dd75fb3c3b3b7,"Affected by concentrated Vein energy, Innate Potential is always Perfect. After evolution or transformation, the Umbral appearance disappears."
1127291688,d36f09d9cdf420c448599e2b19b66313bcd72ab15d595a8a10599c493fbea22b,Can be used to dress up your character
1829080637,d36f09d9cdf420c448599e2b19b66313bcd72ab15d595a8a10599c493fbea22b,Can be used to dress up your character
1870078199,d36f09d9cdf420c448599e2b19b66313bcd72ab15d595a8a10599c493fbea22b,Can be used to dress up your character
1901589410,d36f09d9cdf420c448599e2b19b66313bcd72ab15d595a8a10599c493fbea22b,Can be used to dress up your character
1987029879,d36f09d9cdf420c448599e2b19b66313bcd72ab15d595a8a10599c493fbea22b,Can be used to dress up your character
2008638497,d36f09d9cdf420c448599e2b19b66313bcd72ab15d595a8a10599c493fbea22b,Can be used to dress up your character
2047790001,d36f09d9cdf420c448599e2b19b66313bcd72ab15d595a8a10599c493fbea22b,Can be used to dress up your character
2108589981,d36f09d9cdf420c448599e2b19b66313bcd72ab15d595a8a10599c493fbea22b,Can be used to dress up your character
2118444878,d36f09d9cdf420c448599e2b19b66313bcd72ab15d595a8a10599c493fbea22b,Can be used to dress up your character
1127303739,fb60a2fce14e4115c02d730a0b377a7be107b966df7d7364446a2de129ae419f,"I forgot my manners. My name is Sorora, and I’m a painter.
For some unknown reason... I’ve lost my memory."
1127306291,0c648954315c7d9e21bf5defcd8d65bbbf39934aa9bdd61d416b13f9ea6ec9ba,Reduces DMG taken by 15%
1701347063,0c648954315c7d9e21bf5defcd8d65bbbf39934aa9bdd61d416b13f9ea6ec9ba,Reduces DMG taken by 15%
1127307217,2700f8ff706eeb2609518a0f6aa906a83a9dead614f3e197a1ae0df58513afdb,Ooo-woo—!
1130449427,2700f8ff706eeb2609518a0f6aa906a83a9dead614f3e197a1ae0df58513afdb,Ooo-woo—!
1634628026,2700f8ff706eeb2609518a0f6aa906a83a9dead614f3e197a1ae0df58513afdb,Ooo-woo—!
1756582582,2700f8ff706eeb2609518a0f6aa906a83a9dead614f3e197a1ae0df58513afdb,Ooo-woo—!
1757056265,2700f8ff706eeb2609518a0f6aa906a83a9dead614f3e197a1ae0df58513afdb,Ooo-woo—!
1998872035,2700f8ff706eeb2609518a0f6aa906a83a9dead614f3e197a1ae0df58513afdb,Ooo-woo—!
2003785703,2700f8ff706eeb2609518a0f6aa906a83a9dead614f3e197a1ae0df58513afdb,Ooo-woo—!
1127320828,ad27d0bf64056697e6d32399f355fe29e9d05a54c4474c2f86cda7a0e1dbce3c,Snowfield Form
1906891152,ad27d0bf64056697e6d32399f355fe29e9d05a54c4474c2f86cda7a0e1dbce3c,Snowfield Form
1127327441,82bd36d187af55d83aad707195b79a9f67a885274c2d373d7a6b2a5f345331ba,Aniimo is currently unable to work.
1127382320,64458041542f5845cd55a503762c55b57aa9da34cd8db6e766da5160e3e0c7b7,Unlock Evolution
1998188363,64458041542f5845cd55a503762c55b57aa9da34cd8db6e766da5160e3e0c7b7,Unlock Evolution
1127385609,69d5d68804b43f5aa9f231749780833960e261eac893a6f756d67ddb608bef43,"Why do you want a Joyous Tuftball? You’re already happy, right?"
1127403001,ebbf490041b457a41874d8dc215d99e24fb4491bb88d0c9e36524f60d07ecd22,Activity Catch Gift Pack
1127428924,7e7e200ffc8609672be1ee5956e29764f86592e0892f1da4df0062e36043b3a3,"1. After the event begins, Polaris Institute will announce the theme for the Glamour Star Auditions.
2. Pathfinders can choose a suitable Aniimo and pair it with accessories based on the current theme to enter the event.
3. The Institute will score each Aniimo based on how well the Aniimo and its accessories match the theme.
4. Reach the required score milestones to claim the corresponding rewards.
5. Each Glamour Star event can be attempted multiple times, but each reward can only be claimed once."
1209711095,7e7e200ffc8609672be1ee5956e29764f86592e0892f1da4df0062e36043b3a3,"1. After the event begins, Polaris Institute will announce the theme for the Glamour Star Auditions.
2. Pathfinders can choose a suitable Aniimo and pair it with accessories based on the current theme to enter the event.
3. The Institute will score each Aniimo based on how well the Aniimo and its accessories match the theme.
4. Reach the required score milestones to claim the corresponding rewards.
5. Each Glamour Star event can be attempted multiple times, but each reward can only be claimed once."
1296057670,7e7e200ffc8609672be1ee5956e29764f86592e0892f1da4df0062e36043b3a3,"1. After the event begins, Polaris Institute will announce the theme for the Glamour Star Auditions.
2. Pathfinders can choose a suitable Aniimo and pair it with accessories based on the current theme to enter the event.
3. The Institute will score each Aniimo based on how well the Aniimo and its accessories match the theme.
4. Reach the required score milestones to claim the corresponding rewards.
5. Each Glamour Star event can be attempted multiple times, but each reward can only be claimed once."
1395431804,7e7e200ffc8609672be1ee5956e29764f86592e0892f1da4df0062e36043b3a3,"1. After the event begins, Polaris Institute will announce the theme for the Glamour Star Auditions.
2. Pathfinders can choose a suitable Aniimo and pair it with accessories based on the current theme to enter the event.
3. The Institute will score each Aniimo based on how well the Aniimo and its accessories match the theme.
4. Reach the required score milestones to claim the corresponding rewards.
5. Each Glamour Star event can be attempted multiple times, but each reward can only be claimed once."
1652202580,7e7e200ffc8609672be1ee5956e29764f86592e0892f1da4df0062e36043b3a3,"1. After the event begins, Polaris Institute will announce the theme for the Glamour Star Auditions.
2. Pathfinders can choose a suitable Aniimo and pair it with accessories based on the current theme to enter the event.
3. The Institute will score each Aniimo based on how well the Aniimo and its accessories match the theme.
4. Reach the required score milestones to claim the corresponding rewards.
5. Each Glamour Star event can be attempted multiple times, but each reward can only be claimed once."
1672604480,7e7e200ffc8609672be1ee5956e29764f86592e0892f1da4df0062e36043b3a3,"1. After the event begins, Polaris Institute will announce the theme for the Glamour Star Auditions.
2. Pathfinders can choose a suitable Aniimo and pair it with accessories based on the current theme to enter the event.
3. The Institute will score each Aniimo based on how well the Aniimo and its accessories match the theme.
4. Reach the required score milestones to claim the corresponding rewards.
5. Each Glamour Star event can be attempted multiple times, but each reward can only be claimed once."
1709263867,7e7e200ffc8609672be1ee5956e29764f86592e0892f1da4df0062e36043b3a3,"1. After the event begins, Polaris Institute will announce the theme for the Glamour Star Auditions.
2. Pathfinders can choose a suitable Aniimo and pair it with accessories based on the current theme to enter the event.
3. The Institute will score each Aniimo based on how well the Aniimo and its accessories match the theme.
4. Reach the required score milestones to claim the corresponding rewards.
5. Each Glamour Star event can be attempted multiple times, but each reward can only be claimed once."
1809988816,7e7e200ffc8609672be1ee5956e29764f86592e0892f1da4df0062e36043b3a3,"1. After the event begins, Polaris Institute will announce the theme for the Glamour Star Auditions.
2. Pathfinders can choose a suitable Aniimo and pair it with accessories based on the current theme to enter the event.
3. The Institute will score each Aniimo based on how well the Aniimo and its accessories match the theme.
4. Reach the required score milestones to claim the corresponding rewards.
5. Each Glamour Star event can be attempted multiple times, but each reward can only be claimed once."
1939702444,7e7e200ffc8609672be1ee5956e29764f86592e0892f1da4df0062e36043b3a3,"1. After the event begins, Polaris Institute will announce the theme for the Glamour Star Auditions.
2. Pathfinders can choose a suitable Aniimo and pair it with accessories based on the current theme to enter the event.
3. The Institute will score each Aniimo based on how well the Aniimo and its accessories match the theme.
4. Reach the required score milestones to claim the corresponding rewards.
5. Each Glamour Star event can be attempted multiple times, but each reward can only be claimed once."
1940641386,7e7e200ffc8609672be1ee5956e29764f86592e0892f1da4df0062e36043b3a3,"1. After the event begins, Polaris Institute will announce the theme for the Glamour Star Auditions.
2. Pathfinders can choose a suitable Aniimo and pair it with accessories based on the current theme to enter the event.
3. The Institute will score each Aniimo based on how well the Aniimo and its accessories match the theme.
4. Reach the required score milestones to claim the corresponding rewards.
5. Each Glamour Star event can be attempted multiple times, but each reward can only be claimed once."
1943217208,7e7e200ffc8609672be1ee5956e29764f86592e0892f1da4df0062e36043b3a3,"1. After the event begins, Polaris Institute will announce the theme for the Glamour Star Auditions.
2. Pathfinders can choose a suitable Aniimo and pair it with accessories based on the current theme to enter the event.
3. The Institute will score each Aniimo based on how well the Aniimo and its accessories match the theme.
4. Reach the required score milestones to claim the corresponding rewards.
5. Each Glamour Star event can be attempted multiple times, but each reward can only be claimed once."
2092480420,7e7e200ffc8609672be1ee5956e29764f86592e0892f1da4df0062e36043b3a3,"1. After the event begins, Polaris Institute will announce the theme for the Glamour Star Auditions.
2. Pathfinders can choose a suitable Aniimo and pair it with accessories based on the current theme to enter the event.
3. The Institute will score each Aniimo based on how well the Aniimo and its accessories match the theme.
4. Reach the required score milestones to claim the corresponding rewards.
5. Each Glamour Star event can be attempted multiple times, but each reward can only be claimed once."
1127431321,59eb1c3f957974289db0434051eed9bc5d9d950d053f8d1b07caa12ce40e642c,"...What happened to me?
I think I feel like I just had a very long dream..."
1127434649,2763139e73314058ea93c903ae9ba2f9d7963952d5b1105ec3bfa6c50678f474,This is a good window of opportunity for going on a exploration trip to Idyll.
1127464373,af019c385651b75b93998a623a6748395408fdf653991d5e31aef90d4bf671f1,"The topic I often cover is the Polaris Institute's exploration of the Idyll Continent.
Related news always gets quite high views... but that's about it.
One morning, I found a small collar on my windowsill."
1127468177,93163c56301ee2aa3fc09759fd2be203406a9a7d1a28772f25c756abd5dcfba5,"An open plot with endless possibilities. Build, demolish, and rearrange to your heart’s content, then watch your vision of <style=Hint_BgL>""home""</style> take shape piece by piece."
1127469067,96640e9ed42d5531dc229d91017ea72a6785b4470c42c81905f5425b831be8ec,"All the same... getting challenged by young Emberpups all the time wears on you.
I should still be in my prime... but I don’t feel it anymore."
1127472253,fad628ae679177ee1bc2a02369a5683ce421ee6fd5de47f763f06dd0466773b0,"The Alpha Luminelle will <style=Hint_BgL>build up its own charge</style>. After several charge-ups, it becomes <style=Hint_BgL>Fully Charged</style>. When the Alpha is forced into the Break State, its charge buildup can be <style=Hint_BgL>cleared</style>."
1127513274,32ffe90fae22d40a855479a773a6e0e5d67619446cdb0de78c666e25e6e09570,Open Stamp Rush Shop
1535023101,32ffe90fae22d40a855479a773a6e0e5d67619446cdb0de78c666e25e6e09570,Open Stamp Rush Shop
1127613825,9369ea1d11a49df9858eee08add9e6932fc81d18f4d723ac0c9b15cc0e8f3a20,Geometric Rug
1685321396,9369ea1d11a49df9858eee08add9e6932fc81d18f4d723ac0c9b15cc0e8f3a20,Geometric Rug
1945642252,9369ea1d11a49df9858eee08add9e6932fc81d18f4d723ac0c9b15cc0e8f3a20,Geometric Rug
1127615479,4f355074b796cf136c04bbf36389017d48d9bd06cc4ad0a8c1248a92bd1bfeec,Seems this chest not only holds treasure but comes with an electric security system. No wonder everyone kicks them open—smart thinking.
1127616567,992cb83b2f92e157d1846b6d1f55c81c0c99122ab13925905375d167d52c162a,Goldcup Daisy
1627039790,992cb83b2f92e157d1846b6d1f55c81c0c99122ab13925905375d167d52c162a,Goldcup Daisy
1954132240,992cb83b2f92e157d1846b6d1f55c81c0c99122ab13925905375d167d52c162a,Goldcup Daisy
1127620584,6d75fe65b5d8b19b5706592845a78e4c4f80ed439bf153c672a82146f4e497ea,"She’s always learning these ice-cold jokes to cheer everyone up. Usually I’m the only one laughing, but I really do think they’re funny! I’m not just humoring her!"
1127629275,d9c2f8ce9fca959646a4b88fcb475d13f8525db837457fc04f39f17343bf1fe6,Huge Sparkling Grape
1127630973,060bb70f2d49ad36ca0445dd4947fca794ba515821d021fb3eb53b6fae23be09,Resend Top-Up Order
1127655544,60985e72613820dc08add7768dfc2215e4a9d1e17313a1ae3f9f547f7924aec6,"Reach 19,000 Habitability."
1127667626,47ee23876aaa8d371c16d28b495376402b25731c4025e62b8e07c7f52ca465a9,Record: Discoveries in the Cave
1202485390,47ee23876aaa8d371c16d28b495376402b25731c4025e62b8e07c7f52ca465a9,Record: Discoveries in the Cave
1449500966,47ee23876aaa8d371c16d28b495376402b25731c4025e62b8e07c7f52ca465a9,Record: Discoveries in the Cave
1665879385,47ee23876aaa8d371c16d28b495376402b25731c4025e62b8e07c7f52ca465a9,Record: Discoveries in the Cave
1891224308,47ee23876aaa8d371c16d28b495376402b25731c4025e62b8e07c7f52ca465a9,Record: Discoveries in the Cave
2088711640,47ee23876aaa8d371c16d28b495376402b25731c4025e62b8e07c7f52ca465a9,Record: Discoveries in the Cave
428059940,086a6d8010dd670ab1dfd648a3ab83e03395f83762e91e26dda548ecd2979bd8,Earn the Silver Collection Badge in Russet Highlands.
1127723692,086a6d8010dd670ab1dfd648a3ab83e03395f83762e91e26dda548ecd2979bd8,Earn the Silver Collection Badge in Russet Highlands.
1127750508,402f47a3225fce924ca717cc0fac226c4e3d657f937fd0031d75c9c9ccec760e,"There is an anxious boy and a sad Emberpup in front of FunTown.
What happened?"
1127770878,1eea697b9f1d99066afb046846e7b45afe0c27555e54c6cdf47f2f307a94e31b,Increases BREAK DMG by 5%
1333504181,1eea697b9f1d99066afb046846e7b45afe0c27555e54c6cdf47f2f307a94e31b,Increases BREAK DMG by 5%
1595792825,1eea697b9f1d99066afb046846e7b45afe0c27555e54c6cdf47f2f307a94e31b,Increases BREAK DMG by 5%
1127787135,74276d8994c8285a1d59d1c7a69fed13c59bfd05d7c66f7fbcd3a3cdc9573c45,Share Your Power With Me
1127804890,4a23fcb7371fa66c79fc63ca04a316de8c1039e1f39438e5aefb8cb7a8e982bf,Cozy Winter Fireplace Tools
1558019360,4a23fcb7371fa66c79fc63ca04a316de8c1039e1f39438e5aefb8cb7a8e982bf,Cozy Winter Fireplace Tools
1127807831,efe729951063348e7e62c01be19f6ecfde020bbf3f4883dabf65beb73bd0378d,"Now that you’re a Trailblazer, the Institute has opened up the Holo-Battle Interlink for you. This sim tests not only how capable you and your Aniimo are, but also how well you coordinate with other students. To overcome challenges unlike anything you’ve faced before, you’ll have to learn to rely on your team."
1127822507,69d074d9562eaa19d34ed0ef4730fd9e25b15fd44dfc117a6b67a648d62f4595,Symphony of Life
1737617412,69d074d9562eaa19d34ed0ef4730fd9e25b15fd44dfc117a6b67a648d62f4595,Symphony of Life
1127824968,6262ccb92887ad58c12090156f07fe5f80f10618c7736b0cc9ac03614da8e72a,"After entering Mistwoods, follow the eastern cliff wall."
1127825898,4a49108b73275ce7be00d376ec19fb95279c0d9050743890c99b3426e42b9a10,Copy Studio Code
1365315402,4a49108b73275ce7be00d376ec19fb95279c0d9050743890c99b3426e42b9a10,Copy Studio Code
1127838610,00684c4bcd579d2e1d7045450c4fcd00a4acfa5bfbc651bd73b17e196d1484b2,You dance with the Aniimo for three days and nights—exhausted yet exhilarated—and receive the Starlight Festival Immersion Award from the organizers.
1127843809,5d53a6326e7b0a506900fb418718e6d3b2323bcd852b3534c76781f9c8f2d966,Play While Downloading
1127845607,ee89cfc8166c98f4a757cdfe3eee2d1c153ca194c72aee6679e69ff6b3efc25e,"Should the monster's AI stop immediately after being Summoned? (0 = No, 1 = Yes)"
1127847560,3730fc9e70105278451e20034274e9241f49a731fe7b41a09ae0e85eea9ff2de,Wind Fruit
1127852990,4ca3ccef539db78e05c23d98ac41316afc80c46b62211429bd01b6c86b46905d,Add a friend and play Aniimo together!
1303221880,4ca3ccef539db78e05c23d98ac41316afc80c46b62211429bd01b6c86b46905d,Add a friend and play Aniimo together!
1922076253,4ca3ccef539db78e05c23d98ac41316afc80c46b62211429bd01b6c86b46905d,Add a friend and play Aniimo together!
270963020,1d4e0e4f3718a25ce558bc6c7a067c927ec123612fd4f1fba5180c5e92f097a4,Pathfinder Challenge
271866795,1d4e0e4f3718a25ce558bc6c7a067c927ec123612fd4f1fba5180c5e92f097a4,Pathfinder Challenge
271954342,1d4e0e4f3718a25ce558bc6c7a067c927ec123612fd4f1fba5180c5e92f097a4,Pathfinder Challenge
275387855,1d4e0e4f3718a25ce558bc6c7a067c927ec123612fd4f1fba5180c5e92f097a4,Pathfinder Challenge
276346417,1d4e0e4f3718a25ce558bc6c7a067c927ec123612fd4f1fba5180c5e92f097a4,Pathfinder Challenge
277192730,1d4e0e4f3718a25ce558bc6c7a067c927ec123612fd4f1fba5180c5e92f097a4,Pathfinder Challenge
278869642,1d4e0e4f3718a25ce558bc6c7a067c927ec123612fd4f1fba5180c5e92f097a4,Pathfinder Challenge
279598990,1d4e0e4f3718a25ce558bc6c7a067c927ec123612fd4f1fba5180c5e92f097a4,Pathfinder Challenge
280715762,1d4e0e4f3718a25ce558bc6c7a067c927ec123612fd4f1fba5180c5e92f097a4,Pathfinder Challenge
284280230,1d4e0e4f3718a25ce558bc6c7a067c927ec123612fd4f1fba5180c5e92f097a4,Pathfinder Challenge
284867683,1d4e0e4f3718a25ce558bc6c7a067c927ec123612fd4f1fba5180c5e92f097a4,Pathfinder Challenge
285035728,1d4e0e4f3718a25ce558bc6c7a067c927ec123612fd4f1fba5180c5e92f097a4,Pathfinder Challenge
286558589,1d4e0e4f3718a25ce558bc6c7a067c927ec123612fd4f1fba5180c5e92f097a4,Pathfinder Challenge
292872111,1d4e0e4f3718a25ce558bc6c7a067c927ec123612fd4f1fba5180c5e92f097a4,Pathfinder Challenge
298037220,1d4e0e4f3718a25ce558bc6c7a067c927ec123612fd4f1fba5180c5e92f097a4,Pathfinder Challenge
298979629,1d4e0e4f3718a25ce558bc6c7a067c927ec123612fd4f1fba5180c5e92f097a4,Pathfinder Challenge
301117016,1d4e0e4f3718a25ce558bc6c7a067c927ec123612fd4f1fba5180c5e92f097a4,Pathfinder Challenge
313576783,1d4e0e4f3718a25ce558bc6c7a067c927ec123612fd4f1fba5180c5e92f097a4,Pathfinder Challenge
313627704,1d4e0e4f3718a25ce558bc6c7a067c927ec123612fd4f1fba5180c5e92f097a4,Pathfinder Challenge
313637544,1d4e0e4f3718a25ce558bc6c7a067c927ec123612fd4f1fba5180c5e92f097a4,Pathfinder Challenge
315937622,1d4e0e4f3718a25ce558bc6c7a067c927ec123612fd4f1fba5180c5e92f097a4,Pathfinder Challenge
319290079,1d4e0e4f3718a25ce558bc6c7a067c927ec123612fd4f1fba5180c5e92f097a4,Pathfinder Challenge
319474479,1d4e0e4f3718a25ce558bc6c7a067c927ec123612fd4f1fba5180c5e92f097a4,Pathfinder Challenge
319823389,1d4e0e4f3718a25ce558bc6c7a067c927ec123612fd4f1fba5180c5e92f097a4,Pathfinder Challenge
320419718,1d4e0e4f3718a25ce558bc6c7a067c927ec123612fd4f1fba5180c5e92f097a4,Pathfinder Challenge
320784161,1d4e0e4f3718a25ce558bc6c7a067c927ec123612fd4f1fba5180c5e92f097a4,Pathfinder Challenge
323475505,1d4e0e4f3718a25ce558bc6c7a067c927ec123612fd4f1fba5180c5e92f097a4,Pathfinder Challenge
324925645,1d4e0e4f3718a25ce558bc6c7a067c927ec123612fd4f1fba5180c5e92f097a4,Pathfinder Challenge
325371639,1d4e0e4f3718a25ce558bc6c7a067c927ec123612fd4f1fba5180c5e92f097a4,Pathfinder Challenge
335763089,1d4e0e4f3718a25ce558bc6c7a067c927ec123612fd4f1fba5180c5e92f097a4,Pathfinder Challenge
336355447,1d4e0e4f3718a25ce558bc6c7a067c927ec123612fd4f1fba5180c5e92f097a4,Pathfinder Challenge
338226297,1d4e0e4f3718a25ce558bc6c7a067c927ec123612fd4f1fba5180c5e92f097a4,Pathfinder Challenge
339450438,1d4e0e4f3718a25ce558bc6c7a067c927ec123612fd4f1fba5180c5e92f097a4,Pathfinder Challenge
340064364,1d4e0e4f3718a25ce558bc6c7a067c927ec123612fd4f1fba5180c5e92f097a4,Pathfinder Challenge
347973680,1d4e0e4f3718a25ce558bc6c7a067c927ec123612fd4f1fba5180c5e92f097a4,Pathfinder Challenge
349610095,1d4e0e4f3718a25ce558bc6c7a067c927ec123612fd4f1fba5180c5e92f097a4,Pathfinder Challenge